종목코드,표준산업분류,수집일
005930,264,2026-09-21
000660,2612,2026-09-21
402340,64992,2026-09-21
009150,2622,2026-09-21
373220,28202,2026-09-21
005380,30121,2026-09-21
207940,211,2026-09-21
032830,65110,2026-09-21
105560,64992,2026-09-21
028260,467,2026-09-21
012450,31321,2026-09-21
034020,29119,2026-09-21
055550,64992,2026-09-21
000270,30121,2026-09-21
329180,31113,2026-09-21
006400,28202,2026-09-21
068270,21100,2026-09-21
012330,303,2026-09-21
034730,64992,2026-09-21
086790,64992,2026-09-21
035420,63120,2026-09-21
066570,264,2026-09-21
010120,28121,2026-09-21
000810,65121,2026-09-21
298040,281,2026-09-21
267260,281,2026-09-21
010130,24213,2026-09-21
042660,3111,2026-09-21
005490,2411,2026-09-21
009540,64992,2026-09-21
316140,64992,2026-09-21
017670,61220,2026-09-21
042700,29271,2026-09-21
015760,35120,2026-09-21
011200,50112,2026-09-21
138040,64992,2026-09-21
000150,26221,2026-09-21
096770,192,2026-09-21
006800,66121,2026-09-21
051910,20111,2026-09-21
018260,62021,2026-09-21
010140,3111,2026-09-21
033780,12000,2026-09-21
003550,64992,2026-09-21
278470,20423,2026-09-21
267250,64992,2026-09-21
010950,19210,2026-09-21
024110,64121,2026-09-21
003670,282,2026-09-21
035720,63120,2026-09-21
079550,25200,2026-09-21
086280,5299,2026-09-21
064350,31910,2026-09-21
011070,262,2026-09-21
000720,41221,2026-09-21
272210,26299,2026-09-21
030200,612,2026-09-21
047810,31311,2026-09-21
005830,65121,2026-09-21
078930,64992,2026-09-21
003230,108,2026-09-21
307950,582,2026-09-21
071050,64992,2026-09-21
003490,511,2026-09-21
323410,64121,2026-09-21
259960,5821,2026-09-21
443060,7212,2026-09-21
005940,66121,2026-09-21
006260,64992,2026-09-21
028050,72129,2026-09-21
0126Z0,64992,2026-09-21
047050,461,2026-09-21
090430,20423,2026-09-21
180640,64992,2026-09-21
007660,2622,2026-09-21
161390,221,2026-09-21
047040,41112,2026-09-21
016360,66121,2026-09-21
352820,592,2026-09-21
009830,20111,2026-09-21
064400,62021,2026-09-21
039490,66121,2026-09-21
000880,20494,2026-09-21
021240,969,2026-09-21
326030,7011,2026-09-21
267270,29241,2026-09-21
128940,21212,2026-09-21
377300,66199,2026-09-21
032640,61220,2026-09-21
000100,212,2026-09-21
062040,28112,2026-09-21
000500,28302,2026-09-21
241560,29241,2026-09-21
001440,28302,2026-09-21
066970,28202,2026-09-21
029780,64913,2026-09-21
175330,64992,2026-09-21
353200,2622,2026-09-21
088350,65110,2026-09-21
010060,64992,2026-09-21
271560,108,2026-09-21
036570,582,2026-09-21
034220,2621,2026-09-21
088980,64201,2026-09-21
051900,20422,2026-09-21
138930,64992,2026-09-21
052690,72129,2026-09-21
454910,2928,2026-09-21
011790,204,2026-09-21
001450,65121,2026-09-21
004020,2411,2026-09-21
000990,2611,2026-09-21
002380,20411,2026-09-21
082740,29111,2026-09-21
004170,47111,2026-09-21
161890,20423,2026-09-21
001040,64992,2026-09-21
018880,29172,2026-09-21
103590,2830,2026-09-21
192820,20423,2026-09-21
036460,35200,2026-09-21
009420,212,2026-09-21
111770,46800,2026-09-21
022100,72129,2026-09-21
006360,4111,2026-09-21
012750,75320,2026-09-21
011780,201,2026-09-21
035250,91249,2026-09-21
085620,65110,2026-09-21
251270,5821,2026-09-21
031210,65122,2026-09-21
028670,50112,2026-09-21
302440,211,2026-09-21
008930,64992,2026-09-21
336260,28111,2026-09-21
017800,29162,2026-09-21
023530,47111,2026-09-21
004800,649,2026-09-21
139130,64992,2026-09-21
483650,20423,2026-09-21
097950,108,2026-09-21
375500,412,2026-09-21
007340,28202,2026-09-21
004370,108,2026-09-21
450080,28202,2026-09-21
026960,4632,2026-09-21
003690,65200,2026-09-21
383220,14111,2026-09-21
001720,66121,2026-09-21
011170,20111,2026-09-21
282330,47122,2026-09-21
489790,264,2026-09-21
005850,303,2026-09-21
103140,242,2026-09-21
004990,64992,2026-09-21
204320,303,2026-09-21
000240,64992,2026-09-21
279570,64121,2026-09-21
181710,5821,2026-09-21
007070,47122,2026-09-21
030000,71310,2026-09-21
009970,64992,2026-09-21
081660,464,2026-09-21
014680,20129,2026-09-21
005440,64992,2026-09-21
002790,20423,2026-09-21
018670,46713,2026-09-21
051600,42311,2026-09-21
073240,221,2026-09-21
112610,2511,2026-09-21
139480,471,2026-09-21
069960,47111,2026-09-21
457190,20111,2026-09-21
462870,58212,2026-09-21
475150,411,2026-09-21
439260,3111,2026-09-21
020150,2629,2026-09-21
071970,29119,2026-09-21
089860,76110,2026-09-21
023590,631,2026-09-21
006040,64992,2026-09-21
000120,493,2026-09-21
120110,205,2026-09-21
008770,47859,2026-09-21
011210,303,2026-09-21
395400,68112,2026-09-21
020560,511,2026-09-21
001800,649,2026-09-21
097230,41221,2026-09-21
001430,2411,2026-09-21
294870,411,2026-09-21
006280,212,2026-09-21
322000,2612,2026-09-21
298020,2050,2026-09-21
001120,4610,2026-09-21
069620,212,2026-09-21
007810,2622,2026-09-21
229640,64992,2026-09-21
012630,649,2026-09-21
361610,282,2026-09-21
007310,108,2026-09-21
280360,108,2026-09-21
093370,20129,2026-09-21
001740,467,2026-09-21
005070,204,2026-09-21
281820,272,2026-09-21
017960,2512,2026-09-21
082640,65110,2026-09-21
003540,66121,2026-09-21
415640,642,2026-09-21
192080,5821,2026-09-21
004000,20119,2026-09-21
300720,23311,2026-09-21
030610,66121,2026-09-21
001820,26291,2026-09-21
330590,681,2026-09-21
000080,11122,2026-09-21
003530,66121,2026-09-21
006340,28302,2026-09-21
032350,75210,2026-09-21
000210,20111,2026-09-21
003090,212,2026-09-21
003240,20501,2026-09-21
003570,30331,2026-09-21
077970,29111,2026-09-21
006110,24222,2026-09-21
192400,649,2026-09-21
000370,65121,2026-09-21
451800,68112,2026-09-21
185750,212,2026-09-21
030190,63991,2026-09-21
285130,20202,2026-09-21
009240,46431,2026-09-21
034230,91249,2026-09-21
005300,11209,2026-09-21
009450,28520,2026-09-21
004490,28202,2026-09-21
195870,262,2026-09-21
079160,59141,2026-09-21
003470,66121,2026-09-21
005090,351,2026-09-21
006120,64992,2026-09-21
071320,35300,2026-09-21
100090,2413,2026-09-21
005180,104,2026-09-21
499790,64992,2026-09-21
298050,205,2026-09-21
003850,212,2026-09-21
365550,681,2026-09-21
137310,27112,2026-09-21
214320,71310,2026-09-21
000670,24213,2026-09-21
036530,64992,2026-09-21
456040,20129,2026-09-21
005880,50112,2026-09-21
003160,27212,2026-09-21
064960,303,2026-09-21
093050,14111,2026-09-21
317450,21212,2026-09-21
005690,262,2026-09-21
100840,29176,2026-09-21
017940,46713,2026-09-21
069260,2049,2026-09-21
268280,201,2026-09-21
293940,6811,2026-09-21
000400,65121,2026-09-21
094800,642,2026-09-21
002960,19221,2026-09-21
014820,222,2026-09-21
000640,64992,2026-09-21
001060,212,2026-09-21
248070,2629,2026-09-21
033240,26292,2026-09-21
002350,221,2026-09-21
002990,41112,2026-09-21
001570,201,2026-09-21
001680,108,2026-09-21
0220W0,64992,2026-09-21
002840,204,2026-09-21
383800,64992,2026-09-21
006650,20111,2026-09-21
006380,20119,2026-09-21
453340,471,2026-09-21
075580,31114,2026-09-21
108320,2612,2026-09-21
079900,292,2026-09-21
001510,66121,2026-09-21
114090,91249,2026-09-21
003300,23311,2026-09-21
001530,46103,2026-09-21
090460,2622,2026-09-21
001270,66121,2026-09-21
058650,241,2026-09-21
178920,2221,2026-09-21
007700,64992,2026-09-21
025540,2812,2026-09-21
016380,24122,2026-09-21
005810,64992,2026-09-21
336370,26299,2026-09-21
003620,301,2026-09-21
284740,762,2026-09-21
019170,212,2026-09-21
460860,241,2026-09-21
039130,75210,2026-09-21
009410,41221,2026-09-21
008060,64992,2026-09-21
448730,6811,2026-09-21
001500,66121,2026-09-21
034310,715,2026-09-21
161000,201,2026-09-21
010780,2332,2026-09-21
377740,213,2026-09-21
004690,35200,2026-09-21
005250,715,2026-09-21
145990,108,2026-09-21
002240,2411,2026-09-21
000070,64992,2026-09-21
249420,212,2026-09-21
029460,27216,2026-09-21
014830,20129,2026-09-21
002030,715,2026-09-21
072710,64992,2026-09-21
092230,201,2026-09-21
317400,681,2026-09-21
017900,2612,2026-09-21
004700,15110,2026-09-21
005420,2049,2026-09-21
003030,64992,2026-09-21
403550,76110,2026-09-21
001200,66121,2026-09-21
016590,172,2026-09-21
016610,66121,2026-09-21
130660,72129,2026-09-21
009900,303,2026-09-21
008730,22231,2026-09-21
484870,292,2026-09-21
003000,212,2026-09-21
003280,50112,2026-09-21
002810,46739,2026-09-21
357120,6811,2026-09-21
0120G0,212,2026-09-21
192650,2629,2026-09-21
344820,2311,2026-09-21
271940,319,2026-09-21
001940,241,2026-09-21
029530,263,2026-09-21
183190,23311,2026-09-21
194370,15121,2026-09-21
306200,2413,2026-09-21
452260,47111,2026-09-21
950210,70113,2026-09-21
015360,715,2026-09-21
027410,64992,2026-09-21
031430,4741,2026-09-21
006220,64121,2026-09-21
017810,108,2026-09-21
170900,212,2026-09-21
104700,2411,2026-09-21
060980,64992,2026-09-21
089590,511,2026-09-21
007690,20111,2026-09-21
126560,61299,2026-09-21
024720,64992,2026-09-21
004710,26299,2026-09-21
105630,14199,2026-09-21
005610,108,2026-09-21
097520,26519,2026-09-21
009160,24113,2026-09-21
020000,14112,2026-09-21
011930,2612,2026-09-21
011760,46800,2026-09-21
015860,64992,2026-09-21
002310,172,2026-09-21
002020,64992,2026-09-21
092790,2419,2026-09-21
078520,20423,2026-09-21
145720,27191,2026-09-21
200880,303,2026-09-21
026890,64201,2026-09-21
005720,221,2026-09-21
003350,20423,2026-09-21
009290,21220,2026-09-21
016800,32029,2026-09-21
091810,511,2026-09-21
025860,20312,2026-09-21
123890,642,2026-09-21
005950,20111,2026-09-21
001230,649,2026-09-21
108670,2222,2026-09-21
018250,20422,2026-09-21
381970,45120,2026-09-21
126720,42311,2026-09-21
272450,511,2026-09-21
096760,64992,2026-09-21
244920,66202,2026-09-21
001390,201,2026-09-21
001750,66121,2026-09-21
002710,24191,2026-09-21
012030,62021,2026-09-21
034830,642,2026-09-21
084690,64992,2026-09-21
058430,2419,2026-09-21
084010,2411,2026-09-21
010820,252,2026-09-21
037710,47111,2026-09-21
002900,29210,2026-09-21
033270,212,2026-09-21
003960,10211,2026-09-21
105840,27216,2026-09-21
286940,62021,2026-09-21
003120,212,2026-09-21
122900,46800,2026-09-21
004430,20499,2026-09-21
217590,2830,2026-09-21
010690,30391,2026-09-21
000430,303,2026-09-21
017390,35200,2026-09-21
334890,681,2026-09-21
008490,2049,2026-09-21
005430,52939,2026-09-21
007160,102,2026-09-21
004360,49301,2026-09-21
044820,64992,2026-09-21
298690,511,2026-09-21
003070,41221,2026-09-21
053690,72111,2026-09-21
003200,13101,2026-09-21
001790,105,2026-09-21
003920,104,2026-09-21
226320,20423,2026-09-21
003650,19221,2026-09-21
005680,26291,2026-09-21
005500,212,2026-09-21
900140,451,2026-09-21
025000,20119,2026-09-21
136490,109,2026-09-21
475560,468,2026-09-21
404990,68112,2026-09-21
001460,14120,2026-09-21
000680,46800,2026-09-21
092200,303,2026-09-21
030210,661,2026-09-21
0030R0,642,2026-09-21
000320,64992,2026-09-21
002320,49309,2026-09-21
348950,681,2026-09-21
001340,20131,2026-09-21
134380,20421,2026-09-21
020120,631,2026-09-21
000540,65121,2026-09-21
000490,29210,2026-09-21
000050,47119,2026-09-21
034120,60210,2026-09-21
044450,50112,2026-09-21
298000,201,2026-09-21
033920,11122,2026-09-21
001250,468,2026-09-21
009680,303,2026-09-21
000650,49220,2026-09-21
003720,2221,2026-09-21
011500,20421,2026-09-21
005010,2413,2026-09-21
432320,68112,2026-09-21
017860,204,2026-09-21
000480,2321,2026-09-21
035150,22214,2026-09-21
004980,23311,2026-09-21
003520,212,2026-09-21
037270,631,2026-09-21
100250,222,2026-09-21
088260,68112,2026-09-21
095570,76320,2026-09-21
039570,423,2026-09-21
013580,412,2026-09-21
028100,421,2026-09-21
004310,212,2026-09-21
001630,212,2026-09-21
053210,60229,2026-09-21
001130,105,2026-09-21
377190,681,2026-09-21
010580,303,2026-09-21
128820,477,2026-09-21
339770,46313,2026-09-21
117580,35200,2026-09-21
000140,64992,2026-09-21
033530,303,2026-09-21
102260,20202,2026-09-21
016580,212,2026-09-21
035510,62021,2026-09-21
007860,64992,2026-09-21
102460,212,2026-09-21
016450,1419,2026-09-21
002420,477,2026-09-21
241590,15219,2026-09-21
014710,102,2026-09-21
000390,20411,2026-09-21
025560,27219,2026-09-21
002100,2032,2026-09-21
213500,171,2026-09-21
002150,72121,2026-09-21
234080,212,2026-09-21
487570,64999,2026-09-21
004560,24122,2026-09-21
003220,212,2026-09-21
003610,132,2026-09-21
005960,412,2026-09-21
003460,66121,2026-09-21
000300,303,2026-09-21
000700,715,2026-09-21
015230,303,2026-09-21
004380,29141,2026-09-21
002170,15110,2026-09-21
016880,64992,2026-09-21
013890,320,2026-09-21
101530,108,2026-09-21
090350,20411,2026-09-21
000860,20411,2026-09-21
007570,212,2026-09-21
001780,24222,2026-09-21
003010,465,2026-09-21
460850,24122,2026-09-21
400760,6812,2026-09-21
462520,2321,2026-09-21
077500,4659,2026-09-21
009470,26291,2026-09-21
003830,20501,2026-09-21
000970,24131,2026-09-21
025820,24221,2026-09-21
071840,47320,2026-09-21
272550,22232,2026-09-21
293480,212,2026-09-21
004970,03111,2026-09-21
271980,212,2026-09-21
000020,212,2026-09-21
004960,41112,2026-09-21
004090,23999,2026-09-21
107590,649,2026-09-21
002210,212,2026-09-21
006060,46800,2026-09-21
001080,24123,2026-09-21
015890,20129,2026-09-21
003480,352,2026-09-21
004150,64992,2026-09-21
094280,759,2026-09-21
214420,20423,2026-09-21
081000,204,2026-09-21
008350,24222,2026-09-21
012610,20132,2026-09-21
000520,212,2026-09-21
013520,303,2026-09-21
001210,28410,2026-09-21
004080,4659,2026-09-21
002390,212,2026-09-21
009270,14112,2026-09-21
014280,2413,2026-09-21
210540,29241,2026-09-21
024090,2419,2026-09-21
267290,35200,2026-09-21
214390,211,2026-09-21
089470,204,2026-09-21
001360,212,2026-09-21
011690,2611,2026-09-21
037560,60222,2026-09-21
007540,64992,2026-09-21
350520,681,2026-09-21
078000,631,2026-09-21
009070,49301,2026-09-21
018470,24222,2026-09-21
079430,32029,2026-09-21
005800,14120,2026-09-21
017550,29241,2026-09-21
227840,463,2026-09-21
001520,23322,2026-09-21
002620,715,2026-09-21
011280,1721,2026-09-21
083420,20421,2026-09-21
013570,64992,2026-09-21
034590,35200,2026-09-21
008970,2413,2026-09-21
002780,41221,2026-09-21
016710,715,2026-09-21
014530,19221,2026-09-21
012800,24221,2026-09-21
012320,649,2026-09-21
002460,41112,2026-09-21
004250,22232,2026-09-21
023450,201,2026-09-21
010100,303,2026-09-21
011810,46800,2026-09-21
001290,66121,2026-09-21
123690,46443,2026-09-21
092220,2612,2026-09-21
248170,108,2026-09-21
014580,23312,2026-09-21
027970,171,2026-09-21
006660,30399,2026-09-21
120030,2599,2026-09-21
035000,71310,2026-09-21
009580,171,2026-09-21
002450,33201,2026-09-21
267850,62021,2026-09-21
008260,2419,2026-09-21
012200,291,2026-09-21
016740,303,2026-09-21
264900,106,2026-09-21
070960,55103,2026-09-21
067830,47111,2026-09-21
021820,303,2026-09-21
119650,291,2026-09-21
006840,64992,2026-09-21
014790,41221,2026-09-21
019180,289,2026-09-21
032560,24290,2026-09-21
008700,265,2026-09-21
004100,303,2026-09-21
007210,23999,2026-09-21
417310,68112,2026-09-21
014440,2225,2026-09-21
036580,105,2026-09-21
058850,63991,2026-09-21
013700,41121,2026-09-21
008040,105,2026-09-21
025620,204,2026-09-21
058860,63991,2026-09-21
363280,64992,2026-09-21
002200,1721,2026-09-21
004140,529,2026-09-21
139990,2419,2026-09-21
023000,303,2026-09-21
004890,24113,2026-09-21
023800,30310,2026-09-21
006090,102,2026-09-21
005740,64992,2026-09-21
001020,171,2026-09-21
007980,141,2026-09-21
111380,151,2026-09-21
011700,29132,2026-09-21
109070,264,2026-09-21
013360,41221,2026-09-21
002600,108,2026-09-21
004840,221,2026-09-21
019680,851,2026-09-21
001470,41221,2026-09-21
055490,2229,2026-09-21
000850,29223,2026-09-21
069730,24123,2026-09-21
163560,2219,2026-09-21
015590,29176,2026-09-21
000590,64992,2026-09-21
009180,5299,2026-09-21
002220,2419,2026-09-21
210980,68122,2026-09-21
063160,212,2026-09-21
003580,471,2026-09-21
005750,23222,2026-09-21
000230,212,2026-09-21
001260,41221,2026-09-21
007590,2032,2026-09-21
084680,331,2026-09-21
010960,421,2026-09-21
014160,1721,2026-09-21
013870,303,2026-09-21
004720,212,2026-09-21
031820,6201,2026-09-21
011150,108,2026-09-21
084670,49220,2026-09-21
000180,71531,2026-09-21
007610,28123,2026-09-21
002720,212,2026-09-21
095720,85120,2026-09-21
338100,681,2026-09-21
085310,2512,2026-09-21
155660,242,2026-09-21
009770,171,2026-09-21
001560,23992,2026-09-21
079980,20501,2026-09-21
058730,25112,2026-09-21
002700,46521,2026-09-21
004770,262,2026-09-21
214330,303,2026-09-21
017370,292,2026-09-21
004440,23325,2026-09-21
018500,303,2026-09-21
007280,24121,2026-09-21
010040,2321,2026-09-21
009190,24122,2026-09-21
016090,14112,2026-09-21
005870,2642,2026-09-21
100220,5811,2026-09-21
009200,171,2026-09-21
068290,5811,2026-09-21
010660,29223,2026-09-21
071090,2413,2026-09-21
072130,631,2026-09-21
002760,2049,2026-09-21
396690,6811,2026-09-21
006890,20121,2026-09-21
000220,212,2026-09-21
007460,212,2026-09-21
092440,29293,2026-09-21
111110,14199,2026-09-21
129260,49301,2026-09-21
001550,20312,2026-09-21
000950,13101,2026-09-21
004450,25991,2026-09-21
378850,30399,2026-09-21
075180,303,2026-09-21
020760,261,2026-09-21
024900,303,2026-09-21
101140,46510,2026-09-21
012690,17902,2026-09-21
002140,10520,2026-09-21
025530,452,2026-09-21
010770,303,2026-09-21
123700,303,2026-09-21
021050,243,2026-09-21
090080,303,2026-09-21
002410,411,2026-09-21
006880,46201,2026-09-21
004830,22214,2026-09-21
011390,23322,2026-09-21
002630,212,2026-09-21
023810,303,2026-09-21
372910,27199,2026-09-21
011230,265,2026-09-21
003780,2225,2026-09-21
004410,108,2026-09-21
084870,141,2026-09-21
011000,212,2026-09-21
006980,105,2026-09-21
027740,1012,2026-09-21
041650,303,2026-09-21
011300,13213,2026-09-21
001620,303,2026-09-21
004920,26529,2026-09-21
009320,303,2026-09-21
357250,681,2026-09-21
000910,23311,2026-09-21
004910,20411,2026-09-21
480370,29172,2026-09-21
004060,46800,2026-09-21
069460,24222,2026-09-21
007110,466,2026-09-21
014990,14112,2026-09-21
002920,303,2026-09-21
005030,30310,2026-09-21
074610,29193,2026-09-21
003080,2032,2026-09-21
008420,2419,2026-09-21
092780,301,2026-09-21
014910,26291,2026-09-21
023350,72121,2026-09-21
004540,171,2026-09-21
011330,303,2026-09-21
481850,64201,2026-09-21
446070,16102,2026-09-21
026940,2413,2026-09-21
011420,911,2026-09-21
006370,47111,2026-09-21
019490,265,2026-09-21
012160,24123,2026-09-21
017180,212,2026-09-21
012280,303,2026-09-21
017040,28123,2026-09-21
047400,23222,2026-09-21
000760,467,2026-09-21
134790,32029,2026-09-21
008870,23192,2026-09-21
023960,41225,2026-09-21
145270,68112,2026-09-21
010640,22259,2026-09-21
000890,11122,2026-09-21
008250,16211,2026-09-21
133820,24121,2026-09-21
013000,467,2026-09-21
049800,292,2026-09-21
002880,303,2026-09-21
005820,13225,2026-09-21
009460,171,2026-09-21
009140,2629,2026-09-21
002870,467,2026-09-21
143210,303,2026-09-21
007120,620,2026-09-21
010400,422,2026-09-21
001070,132,2026-09-21
069640,4741,2026-09-21
308170,303,2026-09-21
036420,591,2026-09-21
003680,10211,2026-09-21
025750,161,2026-09-21
006570,25993,2026-09-21
023150,11121,2026-09-21
024070,22299,2026-09-21
002690,24122,2026-09-21
090370,141,2026-09-21
051630,22214,2026-09-21
009810,467,2026-09-21
003060,212,2026-09-21
001380,303,2026-09-21
014130,49301,2026-09-21
033250,303,2026-09-21
118000,4659,2026-09-21
025890,292,2026-09-21
357430,681,2026-09-21
005320,46413,2026-09-21
006490,612,2026-09-21
005110,465,2026-09-21
088790,467,2026-09-21
005360,46452,2026-09-21
000040,319,2026-09-21
004870,23325,2026-09-21
011090,32021,2026-09-21
006740,172,2026-09-21
030720,03111,2026-09-21
093240,14112,2026-09-21
071950,320,2026-09-21
009310,29271,2026-09-21
002070,14120,2026-09-21
004270,46799,2026-09-21
465770,501,2026-09-21
015020,68121,2026-09-21
002820,22232,2026-09-21
006200,64992,2026-09-21
008600,46413,2026-09-21
009440,64992,2026-09-21
001420,303,2026-09-21
002360,201,2026-09-21
012170,591,2026-09-21
001770,24199,2026-09-21
024890,22214,2026-09-21
015260,2622,2026-09-21
044380,26310,2026-09-21
145210,292,2026-09-21
196170,70113,2026-09-21
086520,64992,2026-09-21
247540,28202,2026-09-21
277810,29280,2026-09-21
036930,29229,2026-09-21
240810,292,2026-09-21
058470,2629,2026-09-21
039030,29271,2026-09-21
028300,213,2026-09-21
214450,213,2026-09-21
222800,2622,2026-09-21
087010,211,2026-09-21
298380,211,2026-09-21
403870,29271,2026-09-21
000250,212,2026-09-21
141080,70113,2026-09-21
319660,29271,2026-09-21
095340,465,2026-09-21
108490,29299,2026-09-21
257720,46800,2026-09-21
145020,211,2026-09-21
310210,701,2026-09-21
440110,26112,2026-09-21
084370,29271,2026-09-21
214370,211,2026-09-21
095610,29271,2026-09-21
357780,204,2026-09-21
064760,23999,2026-09-21
319400,291,2026-09-21
080220,2611,2026-09-21
131290,27212,2026-09-21
031980,29271,2026-09-21
347850,70113,2026-09-21
178320,289,2026-09-21
067310,2611,2026-09-21
237690,212,2026-09-21
226950,70113,2026-09-21
010170,283,2026-09-21
214150,271,2026-09-21
032820,281,2026-09-21
005290,20129,2026-09-21
140410,70113,2026-09-21
058610,28111,2026-09-21
263750,58211,2026-09-21
083650,29176,2026-09-21
098460,29271,2026-09-21
140860,27219,2026-09-21
068760,212,2026-09-21
096530,2130,2026-09-21
089030,29271,2026-09-21
060370,423,2026-09-21
041510,59201,2026-09-21
241710,20423,2026-09-21
007390,211,2026-09-21
0009K0,70113,2026-09-21
950160,211,2026-09-21
131970,739,2026-09-21
089970,29271,2026-09-21
323280,292,2026-09-21
030530,201,2026-09-21
078600,2629,2026-09-21
475830,211,2026-09-21
290650,212,2026-09-21
035900,59201,2026-09-21
420770,292,2026-09-21
039200,212,2026-09-21
183300,29271,2026-09-21
082920,28201,2026-09-21
127120,70111,2026-09-21
218410,264,2026-09-21
003380,64992,2026-09-21
195940,212,2026-09-21
204270,262,2026-09-21
043260,26291,2026-09-21
347700,58222,2026-09-21
166090,2612,2026-09-21
437730,303,2026-09-21
086450,212,2026-09-21
356860,2622,2026-09-21
232140,292,2026-09-21
445680,271,2026-09-21
036540,2611,2026-09-21
124500,62021,2026-09-21
036830,715,2026-09-21
950260,70113,2026-09-21
293490,5821,2026-09-21
476830,70113,2026-09-21
101490,2629,2026-09-21
056190,292,2026-09-21
119850,28111,2026-09-21
038500,239,2026-09-21
100790,649,2026-09-21
458870,27199,2026-09-21
014620,24133,2026-09-21
491000,27112,2026-09-21
065350,28519,2026-09-21
252990,2629,2026-09-21
083450,29271,2026-09-21
099320,3131,2026-09-21
031330,4659,2026-09-21
041830,27199,2026-09-21
213420,262,2026-09-21
090710,29280,2026-09-21
388720,292,2026-09-21
281740,204,2026-09-21
417200,26291,2026-09-21
032190,46510,2026-09-21
033100,2811,2026-09-21
251970,22232,2026-09-21
115180,70113,2026-09-21
090360,29280,2026-09-21
085660,211,2026-09-21
122870,59201,2026-09-21
093320,63112,2026-09-21
225570,582,2026-09-21
456160,21212,2026-09-21
171090,292,2026-09-21
035760,602,2026-09-21
006730,551,2026-09-21
137400,292,2026-09-21
388210,26299,2026-09-21
023160,2413,2026-09-21
074600,2312,2026-09-21
328130,58222,2026-09-21
189300,26429,2026-09-21
041960,212,2026-09-21
094170,2611,2026-09-21
476060,701,2026-09-21
053800,58221,2026-09-21
253450,59114,2026-09-21
044490,25912,2026-09-21
122640,29271,2026-09-21
466100,58221,2026-09-21
059090,261,2026-09-21
161580,2927,2026-09-21
060250,661,2026-09-21
102710,2049,2026-09-21
048410,204,2026-09-21
327260,26299,2026-09-21
222080,292,2026-09-21
032500,2642,2026-09-21
121600,2049,2026-09-21
079940,58221,2026-09-21
052400,58221,2026-09-21
425420,262,2026-09-21
295310,24219,2026-09-21
046890,2612,2026-09-21
160190,28111,2026-09-21
033790,282,2026-09-21
052020,465,2026-09-21
033500,201,2026-09-21
053610,29271,2026-09-21
383310,204,2026-09-21
041190,6491,2026-09-21
009520,24199,2026-09-21
050890,2642,2026-09-21
033640,261,2026-09-21
019210,25934,2026-09-21
211050,66202,2026-09-21
036810,2629,2026-09-21
278280,201,2026-09-21
399720,26112,2026-09-21
045100,721,2026-09-21
490470,721,2026-09-21
358570,70113,2026-09-21
099190,27112,2026-09-21
174900,213,2026-09-21
086900,211,2026-09-21
025980,551,2026-09-21
112040,5821,2026-09-21
397030,70113,2026-09-21
082270,29271,2026-09-21
340570,213,2026-09-21
037460,2642,2026-09-21
101160,262,2026-09-21
376900,21309,2026-09-21
460930,31114,2026-09-21
015750,303,2026-09-21
365340,201,2026-09-21
253590,292,2026-09-21
035890,4112,2026-09-21
018290,204,2026-09-21
034950,75993,2026-09-21
024850,2629,2026-09-21
348370,20119,2026-09-21
056080,292,2026-09-21
126340,282,2026-09-21
067160,582,2026-09-21
336570,271,2026-09-21
376300,58222,2026-09-21
077360,261,2026-09-21
348340,29280,2026-09-21
030520,582,2026-09-21
214430,2629,2026-09-21
477850,582,2026-09-21
078340,5821,2026-09-21
080580,262,2026-09-21
092190,2612,2026-09-21
144960,29271,2026-09-21
064290,292,2026-09-21
064260,582,2026-09-21
272290,2629,2026-09-21
204620,661,2026-09-21
104830,20121,2026-09-21
042000,63112,2026-09-21
027360,649,2026-09-21
439960,27199,2026-09-21
092730,20423,2026-09-21
475960,27309,2026-09-21
486990,582,2026-09-21
095660,5821,2026-09-21
078130,179,2026-09-21
013030,241,2026-09-21
468530,701,2026-09-21
219130,2622,2026-09-21
236200,26410,2026-09-21
089890,29271,2026-09-21
368770,27219,2026-09-21
389470,701,2026-09-21
025900,16212,2026-09-21
241770,261,2026-09-21
089010,204,2026-09-21
078020,66121,2026-09-21
107640,281,2026-09-21
372320,70113,2026-09-21
125490,303,2026-09-21
215200,85503,2026-09-21
006910,2511,2026-09-21
025320,2629,2026-09-21
060280,47812,2026-09-21
003800,32029,2026-09-21
114810,2927,2026-09-21
215600,70113,2026-09-21
084110,212,2026-09-21
101730,5821,2026-09-21
121440,461,2026-09-21
078160,211,2026-09-21
069080,5821,2026-09-21
206650,212,2026-09-21
170920,20119,2026-09-21
098120,2629,2026-09-21
441270,26299,2026-09-21
200710,2611,2026-09-21
356680,58221,2026-09-21
036620,467,2026-09-21
348210,29271,2026-09-21
092870,29271,2026-09-21
332570,26299,2026-09-21
033160,262,2026-09-21
069540,264,2026-09-21
036800,61299,2026-09-21
234340,661,2026-09-21
393890,28202,2026-09-21
900290,64992,2026-09-21
067630,213,2026-09-21
199800,701,2026-09-21
352480,20423,2026-09-21
330860,739,2026-09-21
472850,474,2026-09-21
079370,29271,2026-09-21
101930,31114,2026-09-21
018000,29119,2026-09-21
455900,29280,2026-09-21
078350,2611,2026-09-21
110990,29272,2026-09-21
039440,29271,2026-09-21
093520,4659,2026-09-21
294570,639,2026-09-21
290550,26224,2026-09-21
061970,2612,2026-09-21
017890,204,2026-09-21
417840,29271,2026-09-21
092460,31114,2026-09-21
025770,61299,2026-09-21
091580,28202,2026-09-21
035810,109,2026-09-21
168360,292,2026-09-21
200670,212,2026-09-21
117730,29271,2026-09-21
439090,204,2026-09-21
035600,58221,2026-09-21
376270,70111,2026-09-21
036890,29241,2026-09-21
228760,701,2026-09-21
123330,204,2026-09-21
054950,29192,2026-09-21
265520,29272,2026-09-21
482630,20499,2026-09-21
138080,26410,2026-09-21
448900,303,2026-09-21
051500,4632,2026-09-21
484590,25200,2026-09-21
287840,70113,2026-09-21
136480,1012,2026-09-21
043150,271,2026-09-21
049070,2642,2026-09-21
377450,63991,2026-09-21
448280,716,2026-09-21
042520,213,2026-09-21
200130,211,2026-09-21
098070,251,2026-09-21
424870,70113,2026-09-21
481070,47430,2026-09-21
488900,31322,2026-09-21
099440,29221,2026-09-21
159010,29133,2026-09-21
389650,27199,2026-09-21
091700,2629,2026-09-21
036200,29271,2026-09-21
187660,70113,2026-09-21
151860,302,2026-09-21
309710,21100,2026-09-21
011560,422,2026-09-21
243070,212,2026-09-21
182400,211,2026-09-21
267980,104,2026-09-21
160980,29271,2026-09-21
461300,582,2026-09-21
121800,26421,2026-09-21
108860,5822,2026-09-21
200470,261,2026-09-21
023410,23322,2026-09-21
377460,953,2026-09-21
389500,291,2026-09-21
060720,2629,2026-09-21
180400,729,2026-09-21
024840,242,2026-09-21
100120,27199,2026-09-21
394280,582,2026-09-21
389260,4112,2026-09-21
094480,58221,2026-09-21
237880,20423,2026-09-21
089980,222,2026-09-21
064820,31114,2026-09-21
071200,582,2026-09-21
304360,212,2026-09-21
365270,70113,2026-09-21
114190,289,2026-09-21
047920,70111,2026-09-21
065680,2629,2026-09-21
378340,29299,2026-09-21
068930,855,2026-09-21
0011T0,28119,2026-09-21
416180,30399,2026-09-21
043370,303,2026-09-21
456010,261,2026-09-21
0008Z0,28123,2026-09-21
065710,28123,2026-09-21
452430,2611,2026-09-21
298830,582,2026-09-21
0001A0,352,2026-09-21
243840,28202,2026-09-21
085910,303,2026-09-21
053030,212,2026-09-21
036030,461,2026-09-21
215000,58219,2026-09-21
493280,701,2026-09-21
445090,26112,2026-09-21
042370,64992,2026-09-21
094360,261,2026-09-21
206640,213,2026-09-21
061090,26429,2026-09-21
241520,64209,2026-09-21
254490,467,2026-09-21
217730,211,2026-09-21
073490,2642,2026-09-21
317330,2049,2026-09-21
950170,471,2026-09-21
046970,467,2026-09-21
086390,29271,2026-09-21
095500,2229,2026-09-21
045390,289,2026-09-21
014940,291,2026-09-21
058970,582,2026-09-21
023760,64911,2026-09-21
0082N0,70113,2026-09-21
314930,2719,2026-09-21
290690,28422,2026-09-21
353810,109,2026-09-21
475400,29299,2026-09-21
203650,582,2026-09-21
019010,47111,2026-09-21
064550,213,2026-09-21
005710,303,2026-09-21
194700,108,2026-09-21
099430,211,2026-09-21
144510,73909,2026-09-21
462860,612,2026-09-21
036710,715,2026-09-21
067390,31322,2026-09-21
052330,26519,2026-09-21
484810,291,2026-09-21
036190,423,2026-09-21
112290,20491,2026-09-21
380540,266,2026-09-21
194480,58212,2026-09-21
053300,58221,2026-09-21
304100,58222,2026-09-21
462350,31311,2026-09-21
012210,25912,2026-09-21
419530,59112,2026-09-21
450950,27112,2026-09-21
018310,2511,2026-09-21
084850,2629,2026-09-21
125020,283,2026-09-21
484120,26211,2026-09-21
318060,20202,2026-09-21
067080,212,2026-09-21
013120,41112,2026-09-21
102940,2110,2026-09-21
307180,284,2026-09-21
452280,259,2026-09-21
314130,211,2026-09-21
446540,28201,2026-09-21
082800,212,2026-09-21
272110,261,2026-09-21
190510,262,2026-09-21
214180,63991,2026-09-21
034810,649,2026-09-21
036560,29120,2026-09-21
425040,20121,2026-09-21
459510,29280,2026-09-21
042420,582,2026-09-21
039830,73203,2026-09-21
354320,24222,2026-09-21
066620,424,2026-09-21
143240,63120,2026-09-21
115450,467,2026-09-21
119830,739,2026-09-21
016790,109,2026-09-21
192440,339,2026-09-21
388050,28123,2026-09-21
049430,27219,2026-09-21
064850,639,2026-09-21
357550,20129,2026-09-21
222040,108,2026-09-21
052710,2629,2026-09-21
204610,5821,2026-09-21
220100,212,2026-09-21
094820,423,2026-09-21
270660,28519,2026-09-21
126600,20202,2026-09-21
464080,27211,2026-09-21
078150,29272,2026-09-21
126700,273,2026-09-21
402030,58221,2026-09-21
950140,204,2026-09-21
216080,213,2026-09-21
108380,31114,2026-09-21
260970,108,2026-09-21
138610,213,2026-09-21
054210,262,2026-09-21
083310,29271,2026-09-21
086820,211,2026-09-21
293780,70113,2026-09-21
143160,26429,2026-09-21
080160,75210,2026-09-21
0015G0,273,2026-09-21
264850,262,2026-09-21
176750,21212,2026-09-21
308430,212,2026-09-21
083930,29272,2026-09-21
372170,292,2026-09-21
092130,63991,2026-09-21
230240,264,2026-09-21
355150,261,2026-09-21
394800,701,2026-09-21
134580,631,2026-09-21
199820,28123,2026-09-21
179290,27192,2026-09-21
489460,204,2026-09-21
126730,2629,2026-09-21
417030,58221,2026-09-21
382800,29271,2026-09-21
041920,27112,2026-09-21
038390,75210,2026-09-21
101970,2512,2026-09-21
245620,70113,2026-09-21
234690,212,2026-09-21
086670,29133,2026-09-21
046120,7291,2026-09-21
256840,211,2026-09-21
012860,303,2026-09-21
049630,27309,2026-09-21
403850,591,2026-09-21
068790,292,2026-09-21
114840,204,2026-09-21
475040,582,2026-09-21
072870,581,2026-09-21
123860,2611,2026-09-21
093190,263,2026-09-21
199430,272,2026-09-21
032620,58221,2026-09-21
023910,212,2026-09-21
122990,2629,2026-09-21
118990,303,2026-09-21
123410,303,2026-09-21
042600,2629,2026-09-21
104480,20501,2026-09-21
066410,612,2026-09-21
046070,303,2026-09-21
119610,271,2026-09-21
382900,28111,2026-09-21
264450,26410,2026-09-21
024800,492,2026-09-21
011040,212,2026-09-21
263860,58221,2026-09-21
054800,71600,2026-09-21
032580,2611,2026-09-21
389020,261,2026-09-21
405100,73909,2026-09-21
078070,64992,2026-09-21
046440,582,2026-09-21
089600,71310,2026-09-21
093640,2611,2026-09-21
138360,292,2026-09-21
023600,171,2026-09-21
007330,64132,2026-09-21
187870,29271,2026-09-21
126640,303,2026-09-21
300080,63120,2026-09-21
251370,201,2026-09-21
041020,58221,2026-09-21
024060,46712,2026-09-21
092070,2049,2026-09-21
039840,27192,2026-09-21
065660,467,2026-09-21
039860,27199,2026-09-21
049960,211,2026-09-21
101360,282,2026-09-21
289080,649,2026-09-21
205500,582,2026-09-21
445180,20119,2026-09-21
048870,271,2026-09-21
051160,58221,2026-09-21
054450,2611,2026-09-21
331920,211,2026-09-21
418550,721,2026-09-21
265740,20423,2026-09-21
413630,222,2026-09-21
051370,2622,2026-09-21
005990,104,2026-09-21
013990,46414,2026-09-21
001540,212,2026-09-21
079960,2811,2026-09-21
060150,38230,2026-09-21
274090,31322,2026-09-21
067280,85650,2026-09-21
153890,28111,2026-09-21
293580,64919,2026-09-21
088800,2642,2026-09-21
005160,24122,2026-09-21
494120,273,2026-09-21
340450,739,2026-09-21
147830,251,2026-09-21
036170,2612,2026-09-21
148150,2629,2026-09-21
408920,759,2026-09-21
469610,29299,2026-09-21
035080,479,2026-09-21
086890,213,2026-09-21
003100,52942,2026-09-21
038290,73909,2026-09-21
334970,212,2026-09-21
084990,70113,2026-09-21
255220,23991,2026-09-21
226590,262,2026-09-21
035610,715,2026-09-21
338840,70113,2026-09-21
069510,26529,2026-09-21
047770,141,2026-09-21
041520,272,2026-09-21
489500,20499,2026-09-21
115310,61299,2026-09-21
140670,262,2026-09-21
474650,29222,2026-09-21
264660,29271,2026-09-21
049720,75993,2026-09-21
136540,62021,2026-09-21
473980,90199,2026-09-21
417010,291,2026-09-21
457550,7390,2026-09-21
322510,582,2026-09-21
080420,474,2026-09-21
432720,26112,2026-09-21
394420,27199,2026-09-21
0088M0,27112,2026-09-21
321550,70113,2026-09-21
108230,292,2026-09-21
009780,108,2026-09-21
0039P0,713,2026-09-21
102120,2612,2026-09-21
094840,264,2026-09-21
285490,339,2026-09-21
146320,261,2026-09-21
086980,59130,2026-09-21
0015N0,20423,2026-09-21
192410,2642,2026-09-21
220260,204,2026-09-21
388790,264,2026-09-21
240550,271,2026-09-21
361390,26429,2026-09-21
036690,2642,2026-09-21
048550,713,2026-09-21
267320,292,2026-09-21
095700,70113,2026-09-21
142210,46522,2026-09-21
211270,264,2026-09-21
297890,29272,2026-09-21
052260,204,2026-09-21
056090,27192,2026-09-21
950190,58212,2026-09-21
322310,292,2026-09-21
149950,26211,2026-09-21
095190,259,2026-09-21
307750,212,2026-09-21
122450,60221,2026-09-21
032940,4659,2026-09-21
027710,109,2026-09-21
008830,292,2026-09-21
458650,282,2026-09-21
232680,29280,2026-09-21
212560,303,2026-09-21
021320,41112,2026-09-21
228850,27111,2026-09-21
073010,29111,2026-09-21
0007C0,58222,2026-09-21
282880,292,2026-09-21
418420,262,2026-09-21
163730,582,2026-09-21
299030,29299,2026-09-21
189330,582,2026-09-21
474170,31311,2026-09-21
040350,620,2026-09-21
041440,29241,2026-09-21
396300,259,2026-09-21
452450,29299,2026-09-21
451760,620,2026-09-21
106190,211,2026-09-21
417500,204,2026-09-21
478340,31311,2026-09-21
059120,2611,2026-09-21
053080,291,2026-09-21
067290,212,2026-09-21
308080,701,2026-09-21
475230,259,2026-09-21
339950,85503,2026-09-21
049520,2629,2026-09-21
158430,58221,2026-09-21
063570,759,2026-09-21
333430,311,2026-09-21
366030,144,2026-09-21
041590,424,2026-09-21
402490,261,2026-09-21
037070,28519,2026-09-21
090850,58222,2026-09-21
256940,212,2026-09-21
038540,620,2026-09-21
037350,721,2026-09-21
453450,739,2026-09-21
036630,423,2026-09-21
217270,582,2026-09-21
017510,2599,2026-09-21
259630,292,2026-09-21
330350,212,2026-09-21
488280,582,2026-09-21
246710,21100,2026-09-21
101170,29142,2026-09-21
054920,58221,2026-09-21
242040,582,2026-09-21
067900,38220,2026-09-21
115500,62021,2026-09-21
297090,29141,2026-09-21
047310,2812,2026-09-21
311320,262,2026-09-21
054050,01123,2026-09-21
021080,64209,2026-09-21
290720,47912,2026-09-21
018120,11121,2026-09-21
141000,29272,2026-09-21
067990,451,2026-09-21
123040,303,2026-09-21
120240,201,2026-09-21
039340,60221,2026-09-21
105330,303,2026-09-21
166480,212,2026-09-21
109740,29272,2026-09-21
059210,213,2026-09-21
310200,591,2026-09-21
053700,303,2026-09-21
052860,2611,2026-09-21
051980,264,2026-09-21
063170,461,2026-09-21
474610,25924,2026-09-21
051360,265,2026-09-21
336680,262,2026-09-21
073560,101,2026-09-21
100700,213,2026-09-21
042510,582,2026-09-21
039560,26410,2026-09-21
066590,303,2026-09-21
475580,33999,2026-09-21
396470,29271,2026-09-21
338220,582,2026-09-21
131030,212,2026-09-21
042500,62021,2026-09-21
290740,262,2026-09-21
309960,64991,2026-09-21
074430,211,2026-09-21
071280,292,2026-09-21
362320,46443,2026-09-21
298540,144,2026-09-21
079650,23322,2026-09-21
053260,2419,2026-09-21
357880,58222,2026-09-21
307930,649,2026-09-21
006620,212,2026-09-21
086710,20499,2026-09-21
487400,26429,2026-09-21
246720,213,2026-09-21
036220,271,2026-09-21
380550,58222,2026-09-21
250060,620,2026-09-21
005860,109,2026-09-21
352090,22211,2026-09-21
083500,29272,2026-09-21
002230,27214,2026-09-21
066790,60222,2026-09-21
387690,27111,2026-09-21
052420,222,2026-09-21
068240,2811,2026-09-21
040300,591,2026-09-21
049950,29271,2026-09-21
088130,292,2026-09-21
047560,58221,2026-09-21
205100,58221,2026-09-21
036010,26293,2026-09-21
493330,29192,2026-09-21
348350,27213,2026-09-21
017650,179,2026-09-21
255440,29272,2026-09-21
129920,29223,2026-09-21
013310,303,2026-09-21
217820,292,2026-09-21
091440,26410,2026-09-21
282720,423,2026-09-21
052460,620,2026-09-21
125210,2629,2026-09-21
235980,70113,2026-09-21
109610,25112,2026-09-21
172670,2612,2026-09-21
323990,70113,2026-09-21
452190,29221,2026-09-21
107600,2049,2026-09-21
156100,27194,2026-09-21
306620,292,2026-09-21
053580,582,2026-09-21
357230,108,2026-09-21
317770,262,2026-09-21
187790,20129,2026-09-21
078140,212,2026-09-21
209640,29299,2026-09-21
040420,8550,2026-09-21
093920,2642,2026-09-21
023900,11121,2026-09-21
226400,27199,2026-09-21
443670,620,2026-09-21
413390,29299,2026-09-21
419050,303,2026-09-21
263720,581,2026-09-21
099750,58222,2026-09-21
322180,582,2026-09-21
063080,582,2026-09-21
029480,26410,2026-09-21
330730,649,2026-09-21
950130,213,2026-09-21
149980,27199,2026-09-21
025950,41221,2026-09-21
182360,59201,2026-09-21
009300,212,2026-09-21
064800,474,2026-09-21
089230,639,2026-09-21
048530,211,2026-09-21
289930,261,2026-09-21
221800,72911,2026-09-21
032300,212,2026-09-21
096240,855,2026-09-21
044990,262,2026-09-21
004650,11121,2026-09-21
086960,58221,2026-09-21
478560,152,2026-09-21
432470,29299,2026-09-21
053350,58221,2026-09-21
058820,212,2026-09-21
282620,14199,2026-09-21
072020,211,2026-09-21
307870,582,2026-09-21
337930,639,2026-09-21
950220,70130,2026-09-21
130580,75993,2026-09-21
223250,70113,2026-09-21
033290,474,2026-09-21
054540,2511,2026-09-21
201490,5821,2026-09-21
037030,2811,2026-09-21
302550,27199,2026-09-21
066980,721,2026-09-21
290660,27199,2026-09-21
091120,262,2026-09-21
019550,64209,2026-09-21
065450,27211,2026-09-21
049180,211,2026-09-21
090470,29271,2026-09-21
215100,28909,2026-09-21
183490,211,2026-09-21
418470,581,2026-09-21
040160,58221,2026-09-21
950250,64992,2026-09-21
104460,29163,2026-09-21
137950,2049,2026-09-21
185490,70113,2026-09-21
487580,28519,2026-09-21
102370,4610,2026-09-21
0155E0,26112,2026-09-21
054670,212,2026-09-21
038680,62021,2026-09-21
045970,262,2026-09-21
007820,29169,2026-09-21
066430,467,2026-09-21
270520,721,2026-09-21
040910,29271,2026-09-21
038110,30320,2026-09-21
067000,5821,2026-09-21
217190,29271,2026-09-21
175250,204,2026-09-21
198440,233,2026-09-21
036640,20201,2026-09-21
100130,2511,2026-09-21
412540,292,2026-09-21
463020,58222,2026-09-21
0017J0,29299,2026-09-21
115440,2641,2026-09-21
101330,2642,2026-09-21
078890,264,2026-09-21
214680,271,2026-09-21
131370,58222,2026-09-21
365330,2511,2026-09-21
451250,20423,2026-09-21
105740,29133,2026-09-21
0011A0,289,2026-09-21
066700,212,2026-09-21
045660,291,2026-09-21
079810,289,2026-09-21
053280,4791,2026-09-21
012700,46712,2026-09-21
263800,465,2026-09-21
039980,620,2026-09-21
251120,2110,2026-09-21
011370,41112,2026-09-21
389030,70113,2026-09-21
037760,24122,2026-09-21
381620,29299,2026-09-21
124560,5299,2026-09-21
065510,27199,2026-09-21
475430,28302,2026-09-21
058400,60210,2026-09-21
347890,27216,2026-09-21
058630,5821,2026-09-21
067170,304,2026-09-21
024880,259,2026-09-21
076610,273,2026-09-21
382840,292,2026-09-21
033560,26529,2026-09-21
253840,213,2026-09-21
205470,213,2026-09-21
091590,411,2026-09-21
080010,4610,2026-09-21
265560,3033,2026-09-21
214260,20423,2026-09-21
351320,29272,2026-09-21
047820,59114,2026-09-21
073640,25929,2026-09-21
225530,239,2026-09-21
0218L0,265,2026-09-21
900260,64992,2026-09-21
371950,262,2026-09-21
483350,47911,2026-09-21
234300,6202,2026-09-21
900300,64992,2026-09-21
173130,62021,2026-09-21
067370,212,2026-09-21
208140,101,2026-09-21
128660,2429,2026-09-21
246960,213,2026-09-21
212710,261,2026-09-21
389140,59113,2026-09-21
170030,303,2026-09-21
060590,212,2026-09-21
0156T0,211,2026-09-21
052900,2224,2026-09-21
294630,289,2026-09-21
041930,2219,2026-09-21
094860,58221,2026-09-21
004590,478,2026-09-21
048910,467,2026-09-21
017480,2419,2026-09-21
084730,264,2026-09-21
377480,58222,2026-09-21
204840,464,2026-09-21
011320,303,2026-09-21
217330,70113,2026-09-21
085670,2622,2026-09-21
088390,319,2026-09-21
234030,26112,2026-09-21
019540,303,2026-09-21
096350,251,2026-09-21
142280,213,2026-09-21
010280,62021,2026-09-21
303810,212,2026-09-21
054040,2629,2026-09-21
171120,2049,2026-09-21
020710,732,2026-09-21
360070,28202,2026-09-21
041910,212,2026-09-21
024830,303,2026-09-21
000440,46712,2026-09-21
302430,29299,2026-09-21
030960,1811,2026-09-21
0117P0,474,2026-09-21
228670,27111,2026-09-21
067570,30320,2026-09-21
234920,28511,2026-09-21
332370,26329,2026-09-21
012790,212,2026-09-21
261780,70113,2026-09-21
0015S0,739,2026-09-21
083790,70113,2026-09-21
066310,2612,2026-09-21
104040,30399,2026-09-21
033130,631,2026-09-21
006140,27112,2026-09-21
347000,27212,2026-09-21
277880,292,2026-09-21
140070,46539,2026-09-21
331380,265,2026-09-21
054620,64992,2026-09-21
153710,213,2026-09-21
096250,58221,2026-09-21
417790,265,2026-09-21
417970,292,2026-09-21
061250,212,2026-09-21
049080,262,2026-09-21
026150,412,2026-09-21
002800,212,2026-09-21
072950,262,2026-09-21
024740,303,2026-09-21
460940,27199,2026-09-21
388870,70113,2026-09-21
038460,26293,2026-09-21
175140,264,2026-09-21
451220,29299,2026-09-21
196490,29271,2026-09-21
043610,603,2026-09-21
162300,241,2026-09-21
457600,26519,2026-09-21
0007J0,70113,2026-09-21
950200,73909,2026-09-21
092040,108,2026-09-21
049550,20413,2026-09-21
048430,281,2026-09-21
110790,1419,2026-09-21
041460,58221,2026-09-21
457370,20119,2026-09-21
137080,292,2026-09-21
100030,58222,2026-09-21
081150,242,2026-09-21
222110,212,2026-09-21
331740,58222,2026-09-21
179530,21230,2026-09-21
109860,24312,2026-09-21
439580,467,2026-09-21
036000,58113,2026-09-21
136150,291,2026-09-21
032850,58221,2026-09-21
456070,211,2026-09-21
168330,70111,2026-09-21
123420,5821,2026-09-21
014970,17223,2026-09-21
396270,26112,2026-09-21
111710,91121,2026-09-21
318160,139,2026-09-21
321370,262,2026-09-21
004780,25991,2026-09-21
061040,2642,2026-09-21
032540,265,2026-09-21
039010,26410,2026-09-21
382480,292,2026-09-21
411080,582,2026-09-21
147760,27212,2026-09-21
365660,58222,2026-09-21
005670,1030,2026-09-21
216050,71310,2026-09-21
424960,272,2026-09-21
043650,11111,2026-09-21
241690,30331,2026-09-21
039420,61299,2026-09-21
443250,71310,2026-09-21
303360,271,2026-09-21
070300,58222,2026-09-21
062970,26410,2026-09-21
208370,271,2026-09-21
122350,303,2026-09-21
299660,701,2026-09-21
010240,29241,2026-09-21
039020,161,2026-09-21
448710,26310,2026-09-21
064240,467,2026-09-21
054300,29169,2026-09-21
060310,272,2026-09-21
001840,411,2026-09-21
187420,211,2026-09-21
059270,259,2026-09-21
412350,29271,2026-09-21
044340,28519,2026-09-21
094850,752,2026-09-21
294090,27199,2026-09-21
049470,582,2026-09-21
082210,273,2026-09-21
100590,2642,2026-09-21
420570,20423,2026-09-21
320000,292,2026-09-21
419080,29272,2026-09-21
033320,46510,2026-09-21
323350,292,2026-09-21
065170,463,2026-09-21
016250,4112,2026-09-21
459550,264,2026-09-21
357580,262,2026-09-21
203400,70113,2026-09-21
155650,262,2026-09-21
050960,582,2026-09-21
291230,759,2026-09-21
067920,639,2026-09-21
037440,72111,2026-09-21
333620,28909,2026-09-21
008370,22212,2026-09-21
191420,211,2026-09-21
214270,582,2026-09-21
003310,109,2026-09-21
089850,58221,2026-09-21
294140,20501,2026-09-21
0004V0,259,2026-09-21
348150,70113,2026-09-21
049480,62021,2026-09-21
464490,211,2026-09-21
053620,25991,2026-09-21
039610,29133,2026-09-21
033230,62021,2026-09-21
126880,291,2026-09-21
045340,58221,2026-09-21
352910,620,2026-09-21
263600,2629,2026-09-21
036090,29272,2026-09-21
226340,204,2026-09-21
095270,272,2026-09-21
215360,303,2026-09-21
065530,61299,2026-09-21
024910,30331,2026-09-21
066670,681,2026-09-21
460870,231,2026-09-21
027050,20423,2026-09-21
099520,26519,2026-09-21
459100,26299,2026-09-21
273640,2812,2026-09-21
033310,26299,2026-09-21
053160,28123,2026-09-21
007370,212,2026-09-21
014470,681,2026-09-21
263690,27111,2026-09-21
024950,46465,2026-09-21
228340,23325,2026-09-21
347860,58222,2026-09-21
010470,71310,2026-09-21
408470,64999,2026-09-21
025550,24123,2026-09-21
042110,28519,2026-09-21
241790,292,2026-09-21
053270,303,2026-09-21
054930,72111,2026-09-21
288180,31322,2026-09-21
370090,27213,2026-09-21
036670,20421,2026-09-21
040610,303,2026-09-21
097800,2612,2026-09-21
251630,29272,2026-09-21
036120,63991,2026-09-21
053050,35200,2026-09-21
340930,29299,2026-09-21
046940,421,2026-09-21
347740,739,2026-09-21
452400,30399,2026-09-21
104620,75210,2026-09-21
217480,20423,2026-09-21
225190,273,2026-09-21
453860,20499,2026-09-21
435570,107,2026-09-21
192250,58221,2026-09-21
104540,27112,2026-09-21
080720,212,2026-09-21
105760,291,2026-09-21
262260,289,2026-09-21
088910,10121,2026-09-21
060570,603,2026-09-21
311690,701,2026-09-21
117670,2611,2026-09-21
170790,26410,2026-09-21
291650,701,2026-09-21
056360,26410,2026-09-21
094940,263,2026-09-21
314140,212,2026-09-21
238090,222,2026-09-21
039240,24199,2026-09-21
092300,2622,2026-09-21
027830,64209,2026-09-21
317530,59111,2026-09-21
376290,26224,2026-09-21
217500,292,2026-09-21
299170,464,2026-09-21
046210,21301,2026-09-21
0013V0,10211,2026-09-21
317830,29280,2026-09-21
256630,25923,2026-09-21
043710,467,2026-09-21
219550,464,2026-09-21
019990,29133,2026-09-21
015710,26410,2026-09-21
391710,292,2026-09-21
315640,582,2026-09-21
071670,29293,2026-09-21
463480,26294,2026-09-21
060560,467,2026-09-21
393970,22213,2026-09-21
246690,64209,2026-09-21
260930,20423,2026-09-21
014950,21212,2026-09-21
340810,58221,2026-09-21
038010,2511,2026-09-21
109080,26410,2026-09-21
317850,29242,2026-09-21
122310,27111,2026-09-21
037950,26291,2026-09-21
317690,27199,2026-09-21
068330,29171,2026-09-21
179900,2629,2026-09-21
199550,27112,2026-09-21
063440,182,2026-09-21
053450,273,2026-09-21
440290,649,2026-09-21
145170,14300,2026-09-21
321260,261,2026-09-21
065130,29272,2026-09-21
053980,582,2026-09-21
082660,204,2026-09-21
143540,29272,2026-09-21
418250,58221,2026-09-21
099410,31114,2026-09-21
340360,264,2026-09-21
384470,58222,2026-09-21
023440,24121,2026-09-21
317870,339,2026-09-21
471820,10897,2026-09-21
072470,303,2026-09-21
361570,59201,2026-09-21
129890,26329,2026-09-21
227950,292,2026-09-21
476040,70129,2026-09-21
136410,22212,2026-09-21
094970,2629,2026-09-21
163280,29175,2026-09-21
051390,468,2026-09-21
229000,213,2026-09-21
198080,26224,2026-09-21
081180,291,2026-09-21
224110,26429,2026-09-21
189980,11209,2026-09-21
072990,72911,2026-09-21
286750,20129,2026-09-21
048770,29142,2026-09-21
127710,63120,2026-09-21
114450,211,2026-09-21
277070,64209,2026-09-21
307280,213,2026-09-21
159580,46414,2026-09-21
382150,70111,2026-09-21
052790,5821,2026-09-21
066130,28519,2026-09-21
189860,28123,2026-09-21
050120,46419,2026-09-21
178780,468,2026-09-21
461030,701,2026-09-21
288330,739,2026-09-21
208860,58222,2026-09-21
0010V0,27199,2026-09-21
190650,66121,2026-09-21
373200,339,2026-09-21
073110,262,2026-09-21
007680,41112,2026-09-21
466410,58222,2026-09-21
261520,58221,2026-09-21
082850,108,2026-09-21
083550,139,2026-09-21
258610,251,2026-09-21
263020,22214,2026-09-21
218150,109,2026-09-21
460470,27309,2026-09-21
355690,26293,2026-09-21
479960,289,2026-09-21
059100,26211,2026-09-21
131400,2622,2026-09-21
065500,303,2026-09-21
199480,58222,2026-09-21
424980,26129,2026-09-21
037230,17223,2026-09-21
150900,58221,2026-09-21
373160,85669,2026-09-21
273060,713,2026-09-21
123010,262,2026-09-21
238120,273,2026-09-21
140520,24122,2026-09-21
450330,21309,2026-09-21
089790,29271,2026-09-21
196300,211,2026-09-21
014190,46739,2026-09-21
002290,411,2026-09-21
222420,23993,2026-09-21
052220,603,2026-09-21
189690,58222,2026-09-21
084650,70113,2026-09-21
072770,620,2026-09-21
900250,64992,2026-09-21
043910,233,2026-09-21
038070,467,2026-09-21
056700,2229,2026-09-21
042940,411,2026-09-21
234100,303,2026-09-21
086060,462,2026-09-21
413640,5822,2026-09-21
038060,2612,2026-09-21
290670,28909,2026-09-21
256150,29175,2026-09-21
263810,2629,2026-09-21
088280,26129,2026-09-21
278650,70113,2026-09-21
033340,14120,2026-09-21
261200,271,2026-09-21
101240,20131,2026-09-21
043340,29133,2026-09-21
086040,70113,2026-09-21
452200,27212,2026-09-21
104200,639,2026-09-21
064090,468,2026-09-21
097870,2031,2026-09-21
025880,109,2026-09-21
066900,2622,2026-09-21
046310,2642,2026-09-21
171010,20119,2026-09-21
122690,303,2026-09-21
049830,259,2026-09-21
153460,58222,2026-09-21
060850,58221,2026-09-21
044960,467,2026-09-21
019770,292,2026-09-21
250000,4632,2026-09-21
219420,58222,2026-09-21
221840,313,2026-09-21
100660,29142,2026-09-21
014570,212,2026-09-21
051490,292,2026-09-21
263770,241,2026-09-21
186230,24222,2026-09-21
177900,2611,2026-09-21
042040,467,2026-09-21
090410,25112,2026-09-21
321820,901,2026-09-21
065440,58221,2026-09-21
221980,2049,2026-09-21
184230,582,2026-09-21
369370,901,2026-09-21
057540,272,2026-09-21
263700,713,2026-09-21
208710,262,2026-09-21
050860,29210,2026-09-21
016600,649,2026-09-21
123570,71310,2026-09-21
046390,59120,2026-09-21
318410,204,2026-09-21
352700,205,2026-09-21
397810,713,2026-09-21
475460,639,2026-09-21
215380,701,2026-09-21
387570,27199,2026-09-21
290120,30399,2026-09-21
006920,23322,2026-09-21
260660,213,2026-09-21
173940,901,2026-09-21
045060,20493,2026-09-21
284620,701,2026-09-21
024120,303,2026-09-21
393210,582,2026-09-21
196450,273,2026-09-21
052600,61299,2026-09-21
068940,26293,2026-09-21
204020,14120,2026-09-21
408900,59112,2026-09-21
035460,2642,2026-09-21
332290,203,2026-09-21
203450,26429,2026-09-21
206400,424,2026-09-21
081580,2642,2026-09-21
270870,108,2026-09-21
263050,211,2026-09-21
032960,2629,2026-09-21
133750,85503,2026-09-21
348080,70113,2026-09-21
057030,857,2026-09-21
039290,639,2026-09-21
026040,331,2026-09-21
317240,204,2026-09-21
446840,272,2026-09-21
045510,46510,2026-09-21
226330,582,2026-09-21
432430,591,2026-09-21
065950,13219,2026-09-21
363250,271,2026-09-21
064480,58221,2026-09-21
066360,10121,2026-09-21
060540,27215,2026-09-21
121890,2629,2026-09-21
376980,58221,2026-09-21
220180,58222,2026-09-21
033540,292,2026-09-21
335810,27199,2026-09-21
109820,70113,2026-09-21
075130,620,2026-09-21
007530,259,2026-09-21
127980,262,2026-09-21
033170,2612,2026-09-21
159910,204,2026-09-21
148930,25924,2026-09-21
239890,20119,2026-09-21
476080,59111,2026-09-21
419120,58222,2026-09-21
021650,2229,2026-09-21
417860,58222,2026-09-21
049120,26211,2026-09-21
064520,2612,2026-09-21
452300,649,2026-09-21
464280,21212,2026-09-21
348030,5821,2026-09-21
434480,58221,2026-09-21
311390,108,2026-09-21
296640,58222,2026-09-21
128540,303,2026-09-21
037330,26211,2026-09-21
263920,33999,2026-09-21
469750,292,2026-09-21
089150,62021,2026-09-21
025440,265,2026-09-21
071850,303,2026-09-21
053950,212,2026-09-21
254120,292,2026-09-21
131090,58221,2026-09-21
038950,2642,2026-09-21
200780,212,2026-09-21
099220,4659,2026-09-21
068050,59114,2026-09-21
089140,292,2026-09-21
099390,58221,2026-09-21
207760,63991,2026-09-21
318020,263,2026-09-21
087600,2629,2026-09-21
037370,201,2026-09-21
105550,2629,2026-09-21
033830,60210,2026-09-21
290090,58222,2026-09-21
290560,58221,2026-09-21
080520,2612,2026-09-21
232830,58221,2026-09-21
050110,262,2026-09-21
106240,28410,2026-09-21
088340,58221,2026-09-21
271830,29271,2026-09-21
462310,141,2026-09-21
258830,27199,2026-09-21
305090,271,2026-09-21
197140,58221,2026-09-21
022220,22211,2026-09-21
187270,2812,2026-09-21
012620,24123,2026-09-21
452160,29271,2026-09-21
043200,281,2026-09-21
407400,32099,2026-09-21
031510,303,2026-09-21
020180,62021,2026-09-21
093380,259,2026-09-21
097780,303,2026-09-21
246250,739,2026-09-21
215090,272,2026-09-21
091970,2229,2026-09-21
079170,24229,2026-09-21
297570,264,2026-09-21
078590,303,2026-09-21
237820,71310,2026-09-21
193250,2629,2026-09-21
444530,58222,2026-09-21
360350,27219,2026-09-21
351330,62021,2026-09-21
351870,71310,2026-09-21
318010,108,2026-09-21
096630,26422,2026-09-21
458350,75992,2026-09-21
276730,11112,2026-09-21
195500,10121,2026-09-21
363260,713,2026-09-21
464580,591,2026-09-21
376180,339,2026-09-21
021880,64911,2026-09-21
336060,582,2026-09-21
032790,46510,2026-09-21
262840,58222,2026-09-21
075970,239,2026-09-21
038620,47711,2026-09-21
079000,22222,2026-09-21
066910,467,2026-09-21
119500,259,2026-09-21
239610,108,2026-09-21
069410,58221,2026-09-21
026910,24121,2026-09-21
365590,261,2026-09-21
139670,58222,2026-09-21
101670,2511,2026-09-21
008470,25130,2026-09-21
013720,303,2026-09-21
364950,29271,2026-09-21
069140,25112,2026-09-21
017000,41112,2026-09-21
310870,303,2026-09-21
367000,58222,2026-09-21
027040,281,2026-09-21
462980,63991,2026-09-21
031310,612,2026-09-21
109960,467,2026-09-21
115480,27112,2026-09-21
388610,20495,2026-09-21
053290,5811,2026-09-21
406820,20423,2026-09-21
045300,2629,2026-09-21
057680,58222,2026-09-21
043220,292,2026-09-21
103840,103,2026-09-21
160550,591,2026-09-21
450520,58222,2026-09-21
430690,58221,2026-09-21
131220,4659,2026-09-21
068100,291,2026-09-21
130500,13992,2026-09-21
032860,383,2026-09-21
290270,582,2026-09-21
058110,271,2026-09-21
215790,264,2026-09-21
007770,201,2026-09-21
328380,620,2026-09-21
356890,582,2026-09-21
900310,649,2026-09-21
188260,339,2026-09-21
016920,465,2026-09-21
032750,264,2026-09-21
044480,901,2026-09-21
236810,71310,2026-09-21
054780,59130,2026-09-21
900070,64992,2026-09-21
067010,620,2026-09-21
368970,109,2026-09-21
070590,62010,2026-09-21
267790,1419,2026-09-21
177830,2629,2026-09-21
368600,262,2026-09-21
138070,259,2026-09-21
475660,204,2026-09-21
033050,204,2026-09-21
048470,467,2026-09-21
225220,211,2026-09-21
019570,64209,2026-09-21
080530,204,2026-09-21
096690,26329,2026-09-21
464500,26112,2026-09-21
238490,29272,2026-09-21
007720,468,2026-09-21
123840,108,2026-09-21
288620,281,2026-09-21
198940,24212,2026-09-21
076080,411,2026-09-21
373170,58221,2026-09-21
001810,171,2026-09-21
091340,2629,2026-09-21
038530,464,2026-09-21
134060,58111,2026-09-21
038870,741,2026-09-21
115530,262,2026-09-21
377030,582,2026-09-21
114630,20501,2026-09-21
300120,582,2026-09-21
333050,582,2026-09-21
073540,2642,2026-09-21
035200,22211,2026-09-21
200350,591,2026-09-21
318000,20202,2026-09-21
060380,241,2026-09-21
462510,2711,2026-09-21
227610,20423,2026-09-21
424760,620,2026-09-21
146060,24131,2026-09-21
039310,582,2026-09-21
083660,204,2026-09-21
208350,582,2026-09-21
044780,29221,2026-09-21
083640,468,2026-09-21
257370,292,2026-09-21
090150,303,2026-09-21
054090,339,2026-09-21
039740,467,2026-09-21
331520,582,2026-09-21
051380,46510,2026-09-21
101680,29223,2026-09-21
052300,468,2026-09-21
085810,58222,2026-09-21
440320,58222,2026-09-21
290520,29272,2026-09-21
222980,108,2026-09-21
0010F0,2221,2026-09-21
237750,28123,2026-09-21
063760,27212,2026-09-21
289220,59113,2026-09-21
065150,463,2026-09-21
347770,26212,2026-09-21
298060,212,2026-09-21
016670,467,2026-09-21
018700,464,2026-09-21
355390,582,2026-09-21
188040,108,2026-09-21
206560,59120,2026-09-21
060230,204,2026-09-21
095910,2811,2026-09-21
169330,71400,2026-09-21
301300,58222,2026-09-21
053060,303,2026-09-21
131180,26323,2026-09-21
036480,21230,2026-09-21
032800,901,2026-09-21
378800,211,2026-09-21
013810,29229,2026-09-21
258790,582,2026-09-21
130740,303,2026-09-21
047080,5821,2026-09-21
154040,2629,2026-09-21
123750,31991,2026-09-21
038880,262,2026-09-21
415380,47520,2026-09-21
359090,739,2026-09-21
032080,13402,2026-09-21
187220,729,2026-09-21
241840,591,2026-09-21
018680,2121,2026-09-21
033200,2629,2026-09-21
084440,582,2026-09-21
372800,58221,2026-09-21
153490,2612,2026-09-21
238200,108,2026-09-21
115160,465,2026-09-21
353190,108,2026-09-21
109670,14199,2026-09-21
429270,26129,2026-09-21
148250,262,2026-09-21
067770,26211,2026-09-21
405920,46331,2026-09-21
317120,26112,2026-09-21
065690,221,2026-09-21
432980,21100,2026-09-21
403490,103,2026-09-21
016100,172,2026-09-21
900110,64992,2026-09-21
195990,29223,2026-09-21
054940,424,2026-09-21
353590,4521,2026-09-21
032280,49309,2026-09-21
215480,474,2026-09-21
101400,2611,2026-09-21
098660,1419,2026-09-21
277410,108,2026-09-21
067730,62090,2026-09-21
017250,265,2026-09-21
148780,58222,2026-09-21
352940,2032,2026-09-21
340440,222,2026-09-21
398120,27111,2026-09-21
373110,211,2026-09-21
200230,212,2026-09-21
019660,468,2026-09-21
431190,582,2026-09-21
219750,271,2026-09-21
069330,26211,2026-09-21
303530,582,2026-09-21
192390,2511,2026-09-21
362990,71310,2026-09-21
080470,303,2026-09-21
274400,58221,2026-09-21
115570,2221,2026-09-21
023770,582,2026-09-21
252500,204,2026-09-21
021040,24123,2026-09-21
361670,2629,2026-09-21
065370,58221,2026-09-21
054220,28123,2026-09-21
275630,582,2026-09-21
438700,58222,2026-09-21
419540,27199,2026-09-21
065060,141,2026-09-21
342870,47320,2026-09-21
191410,262,2026-09-21
377330,2811,2026-09-21
043590,261,2026-09-21
034940,212,2026-09-21
073570,339,2026-09-21
154030,011,2026-09-21
455180,29271,2026-09-21
224060,262,2026-09-21
043360,263,2026-09-21
383930,70113,2026-09-21
054410,467,2026-09-21
096870,2611,2026-09-21
137940,27216,2026-09-21
405000,27199,2026-09-21
032680,639,2026-09-21
014100,468,2026-09-21
196700,20203,2026-09-21
018620,21230,2026-09-21
048830,20202,2026-09-21
073190,32091,2026-09-21
083470,201,2026-09-21
050090,713,2026-09-21
024940,464,2026-09-21
050760,222,2026-09-21
900270,64992,2026-09-21
214610,27199,2026-09-21
088290,303,2026-09-21
344860,20423,2026-09-21
027580,222,2026-09-21
140430,620,2026-09-21
900340,64992,2026-09-21
113810,303,2026-09-21
056730,411,2026-09-21
031860,46800,2026-09-21
417180,63991,2026-09-21
303030,261,2026-09-21
365900,3330,2026-09-21
279600,58222,2026-09-21
306040,15129,2026-09-21
115610,2611,2026-09-21
060900,351,2026-09-21
078860,591,2026-09-21
110020,2049,2026-09-21
335870,474,2026-09-21
069920,479,2026-09-21
322780,591,2026-09-21
020400,24312,2026-09-21
900120,64992,2026-09-21
006050,231,2026-09-21
309930,475,2026-09-21
065650,465,2026-09-21
376930,27112,2026-09-21
103230,29111,2026-09-21
477380,66199,2026-09-21
482680,66199,2026-09-21
177350,222,2026-09-21
051780,472,2026-09-21
241820,213,2026-09-21
023790,24121,2026-09-21
225590,141,2026-09-21
377220,108,2026-09-21
037400,468,2026-09-21
002680,105,2026-09-21
131760,292,2026-09-21
389680,58222,2026-09-21
0072Z0,66199,2026-09-21
009730,2413,2026-09-21
354200,739,2026-09-21
477340,66199,2026-09-21
060480,24221,2026-09-21
0130H0,661,2026-09-21
0101C0,66199,2026-09-21
009620,24222,2026-09-21
030350,5821,2026-09-21
0044K0,66199,2026-09-21
045520,291,2026-09-21
0115H0,66199,2026-09-21
473050,66199,2026-09-21
142760,701,2026-09-21
131100,591,2026-09-21
223310,468,2026-09-21
060260,22211,2026-09-21
478440,66199,2026-09-21
210120,59114,2026-09-21
008290,14111,2026-09-21
247660,2629,2026-09-21
479880,66199,2026-09-21
240600,259,2026-09-21
0165X0,66199,2026-09-21
489480,66199,2026-09-21
0099W0,66199,2026-09-21
291810,58222,2026-09-21
304840,213,2026-09-21
352770,213,2026-09-21
239340,631,2026-09-21
289010,58190,2026-09-21
244460,211,2026-09-21
079950,29272,2026-09-21
0134X0,66199,2026-09-21
0164H0,66199,2026-09-21
065770,2642,2026-09-21
285800,2221,2026-09-21
481890,661,2026-09-21
0099X0,66199,2026-09-21
0096B0,64999,2026-09-21
035620,591,2026-09-21
478390,66199,2026-09-21
489730,649,2026-09-21
0097F0,66199,2026-09-21
471050,661,2026-09-21
054180,31114,2026-09-21
0093G0,66199,2026-09-21
0037T0,66199,2026-09-21
012340,303,2026-09-21
492220,66199,2026-09-21
482520,6619,2026-09-21
0054V0,6619,2026-09-21
0131D0,66199,2026-09-21
065570,26429,2026-09-21
0091W0,6619,2026-09-21
477760,6491,2026-09-21
0088D0,66199,2026-09-21
0041L0,66199,2026-09-21
028080,620,2026-09-21
035290,581,2026-09-21
0132G0,649,2026-09-21
469900,66199,2026-09-21
482690,66199,2026-09-21
474660,66199,2026-09-21
079190,26422,2026-09-21
487360,66199,2026-09-21
0071M0,66199,2026-09-21
474490,661,2026-09-21
477470,66199,2026-09-21
288980,58222,2026-09-21
0105P0,66199,2026-09-21
496070,661,2026-09-21
250930,22291,2026-09-21
001000,681,2026-09-21
0129K0,661,2026-09-21
0096D0,66199,2026-09-21
486630,66199,2026-09-21
0098T0,66199,2026-09-21
084180,29169,2026-09-21
493790,66199,2026-09-21
489210,661,2026-09-21
0004Y0,649,2026-09-21
0130D0,661,2026-09-21
043100,27192,2026-09-21
478110,661,2026-09-21
466690,66199,2026-09-21
0041B0,66199,2026-09-21
498390,661,2026-09-21
058450,591,2026-09-21
472220,66199,2026-09-21
488060,66199,2026-09-21
092600,2611,2026-09-21
900100,452,2026-09-21
106080,2629,2026-09-21
308100,4741,2026-09-21
208640,582,2026-09-21
025870,463,2026-09-21
418620,582,2026-09-21
484130,66199,2026-09-21
473950,66199,2026-09-21
225430,204,2026-09-21
469480,66199,2026-09-21
487830,661,2026-09-21
468760,66191,2026-09-21
472230,66199,2026-09-21
487720,661,2026-09-21
0068Y0,66199,2026-09-21
0041J0,661,2026-09-21
465320,66199,2026-09-21
087260,582,2026-09-21
312610,242,2026-09-21
101000,292,2026-09-21
475250,66199,2026-09-21
079970,58221,2026-09-21
474930,661,2026-09-21
199730,70113,2026-09-21
065420,204,2026-09-21
276040,5821,2026-09-21
473000,66199,2026-09-21
475240,66199,2026-09-21
011080,1419,2026-09-21
044180,411,2026-09-21
313760,2811,2026-09-21
052770,582,2026-09-21
121850,222,2026-09-21
096610,2612,2026-09-21
