종목코드,리포트수,최근리포트일,외국인비율,수집일
005930,5,2026-10-02,46.41,2026-10-05
000660,5,2026-09-30,49.75,2026-10-05
402340,5,2026-09-30,46.74,2026-10-05
009150,5,2026-09-29,37.77,2026-10-05
373220,5,2026-09-21,5.61,2026-10-05
005380,5,2026-09-23,24.11,2026-10-05
207940,5,2026-08-31,13.18,2026-10-05
032830,5,2026-08-24,23.08,2026-10-05
105560,5,2026-10-02,78.56,2026-10-05
028260,5,2026-09-23,30.55,2026-10-05
012450,5,2026-10-01,45.24,2026-10-05
034020,5,2026-08-03,22.55,2026-10-05
055550,5,2026-07-24,61.42,2026-10-05
000270,5,2026-09-29,39.1,2026-10-05
329180,5,2026-09-29,13.82,2026-10-05
006400,5,2026-09-21,25.56,2026-10-05
068270,5,2026-09-28,25.36,2026-10-05
012330,5,2026-10-01,37.67,2026-10-05
034730,5,2026-08-31,30.16,2026-10-05
086790,5,2026-09-02,68.52,2026-10-05
035420,5,2026-10-02,35.5,2026-10-05
066570,5,2026-10-02,29.93,2026-10-05
010120,5,2026-08-24,18.99,2026-10-05
000810,5,2026-08-14,57.48,2026-10-05
298040,5,2026-08-24,27.15,2026-10-05
267260,5,2026-08-24,33.9,2026-10-05
010130,5,2026-08-11,27.56,2026-10-05
042660,5,2026-09-29,9.91,2026-10-05
005490,5,2026-10-01,32.14,2026-10-05
009540,5,2026-09-29,33.21,2026-10-05
316140,5,2026-08-27,52.14,2026-10-05
017670,5,2026-09-30,34.88,2026-10-05
042700,0,,7.85,2026-10-05
015760,5,2026-09-10,20.46,2026-10-05
011200,5,2026-08-26,8.79,2026-10-05
138040,5,2026-08-14,14.16,2026-10-05
000150,5,2026-09-28,18.33,2026-10-05
096770,5,2026-09-15,16.45,2026-10-05
006800,5,2026-09-10,11.78,2026-10-05
051910,5,2026-08-03,36.43,2026-10-05
018260,5,2026-09-18,19.29,2026-10-05
010140,5,2026-09-29,27.73,2026-10-05
033780,5,2026-09-21,51.12,2026-10-05
003550,5,2026-09-15,36.6,2026-10-05
278470,5,2026-09-07,38.39,2026-10-05
267250,5,2026-08-06,26.56,2026-10-05
010950,5,2026-08-28,79.82,2026-10-05
024110,5,2026-07-31,13.45,2026-10-05
003670,5,2026-09-23,9.33,2026-10-05
035720,5,2026-09-21,28.75,2026-10-05
079550,5,2026-09-30,27.18,2026-10-05
086280,5,2026-09-29,46.8,2026-10-05
064350,5,2026-10-01,39.09,2026-10-05
011070,5,2026-09-29,27.06,2026-10-05
000720,5,2026-09-21,25.06,2026-10-05
272210,5,2026-07-29,10.1,2026-10-05
030200,5,2026-09-30,49.0,2026-10-05
047810,5,2026-10-01,24.05,2026-10-05
005830,5,2026-09-04,43.31,2026-10-05
078930,2,2026-08-12,20.53,2026-10-05
003230,5,2026-10-02,18.77,2026-10-05
307950,5,2026-09-23,2.45,2026-10-05
071050,5,2026-09-10,37.97,2026-10-05
003490,5,2026-10-02,26.31,2026-10-05
323410,5,2026-08-07,17.14,2026-10-05
259960,5,2026-07-30,43.43,2026-10-05
443060,5,2026-09-29,30.42,2026-10-05
005940,5,2026-09-10,13.36,2026-10-05
006260,5,2026-09-11,16.53,2026-10-05
028050,5,2026-10-02,37.73,2026-10-05
0126Z0,5,2026-08-10,5.38,2026-10-05
047050,5,2026-10-01,5.98,2026-10-05
090430,5,2026-09-29,26.08,2026-10-05
180640,0,,18.87,2026-10-05
007660,5,2026-09-22,15.8,2026-10-05
161390,5,2026-08-12,39.49,2026-10-05
047040,5,2026-09-21,9.38,2026-10-05
016360,5,2026-09-10,26.9,2026-10-05
352820,5,2026-09-22,18.02,2026-10-05
009830,5,2026-07-30,13.12,2026-10-05
064400,5,2026-09-18,5.74,2026-10-05
039490,5,2026-09-10,29.96,2026-10-05
000880,5,2026-09-16,21.54,2026-10-05
021240,5,2026-08-10,54.17,2026-10-05
326030,5,2026-09-15,11.78,2026-10-05
267270,5,2026-07-30,15.61,2026-10-05
128940,5,2026-09-23,12.79,2026-10-05
377300,5,2026-08-24,28.02,2026-10-05
032640,5,2026-09-30,40.95,2026-10-05
000100,5,2026-08-19,20.93,2026-10-05
062040,5,2026-08-11,17.18,2026-10-05
000500,3,2026-09-30,2.69,2026-10-05
241560,5,2026-07-24,38.8,2026-10-05
001440,5,2026-07-31,10.76,2026-10-05
066970,5,2026-09-18,16.73,2026-10-05
029780,2,2026-07-28,5.07,2026-10-05
175330,5,2026-07-27,33.55,2026-10-05
353200,5,2026-09-28,16.7,2026-10-05
088350,5,2026-08-13,8.72,2026-10-05
010060,5,2026-07-30,15.89,2026-10-05
271560,5,2026-09-14,38.9,2026-10-05
036570,5,2026-08-24,38.31,2026-10-05
034220,5,2026-09-21,26.54,2026-10-05
088980,0,,7.57,2026-10-05
051900,5,2026-09-29,31.54,2026-10-05
138930,5,2026-07-31,36.95,2026-10-05
052690,5,2026-09-14,11.48,2026-10-05
454910,3,2026-05-29,5.64,2026-10-05
011790,2,2026-08-05,10.35,2026-10-05
001450,5,2026-08-25,39.43,2026-10-05
004020,5,2026-08-06,14.08,2026-10-05
000990,3,2026-09-09,23.54,2026-10-05
002380,5,2026-09-01,20.79,2026-10-05
082740,5,2026-09-29,14.63,2026-10-05
004170,5,2026-09-11,31.17,2026-10-05
161890,5,2026-09-29,40.76,2026-10-05
001040,5,2026-08-19,18.42,2026-10-05
018880,5,2026-08-28,5.95,2026-10-05
103590,5,2026-08-24,8.8,2026-10-05
192820,5,2026-09-07,35.29,2026-10-05
036460,5,2026-09-18,13.3,2026-10-05
009420,5,2026-09-28,4.56,2026-10-05
111770,5,2026-08-19,29.21,2026-10-05
022100,2,2026-08-27,3.0,2026-10-05
006360,5,2026-09-21,20.13,2026-10-05
012750,3,2026-08-10,55.73,2026-10-05
011780,5,2026-08-10,28.58,2026-10-05
035250,5,2026-08-06,8.84,2026-10-05
085620,1,2026-08-18,0.67,2026-10-05
251270,5,2026-10-01,14.01,2026-10-05
031210,1,2026-06-11,6.85,2026-10-05
028670,5,2026-10-01,17.48,2026-10-05
302440,0,,6.01,2026-10-05
008930,1,2026-09-21,1.25,2026-10-05
336260,5,2026-09-09,15.11,2026-10-05
017800,0,,21.64,2026-10-05
023530,5,2026-09-08,13.04,2026-10-05
004800,5,2026-08-10,21.54,2026-10-05
139130,5,2026-07-31,44.78,2026-10-05
483650,5,2026-08-14,43.53,2026-10-05
097950,5,2026-10-02,11.45,2026-10-05
375500,5,2026-09-21,23.72,2026-10-05
007340,5,2026-08-24,5.77,2026-10-05
004370,5,2026-09-08,25.23,2026-10-05
450080,0,,14.16,2026-10-05
026960,0,,3.77,2026-10-05
003690,4,2026-08-18,26.28,2026-10-05
383220,5,2026-08-03,12.97,2026-10-05
001720,0,,6.3,2026-10-05
011170,5,2026-08-10,19.9,2026-10-05
282330,5,2026-09-14,40.18,2026-10-05
489790,4,2026-08-06,24.29,2026-10-05
005850,5,2026-09-28,16.01,2026-10-05
103140,5,2026-08-12,12.94,2026-10-05
004990,4,2026-09-03,9.6,2026-10-05
204320,5,2026-08-03,19.1,2026-10-05
000240,0,,8.78,2026-10-05
279570,0,,1.59,2026-10-05
181710,5,2026-09-23,14.7,2026-10-05
007070,5,2026-09-14,14.32,2026-10-05
030000,5,2026-10-01,17.47,2026-10-05
009970,0,,23.08,2026-10-05
081660,5,2026-09-08,40.39,2026-10-05
014680,2,2026-05-19,41.85,2026-10-05
005440,5,2026-08-10,8.97,2026-10-05
002790,0,,14.62,2026-10-05
018670,5,2026-09-10,5.62,2026-10-05
051600,5,2026-08-11,8.12,2026-10-05
073240,5,2026-07-31,12.63,2026-10-05
112610,5,2026-09-11,16.28,2026-10-05
139480,5,2026-09-10,22.72,2026-10-05
069960,5,2026-08-12,25.0,2026-10-05
457190,1,2026-09-22,4.75,2026-10-05
462870,5,2026-08-25,36.75,2026-10-05
475150,2,2026-08-14,4.07,2026-10-05
439260,5,2026-09-29,2.2,2026-10-05
020150,5,2026-08-26,7.64,2026-10-05
071970,5,2026-09-29,12.58,2026-10-05
089860,5,2026-09-02,6.25,2026-10-05
023590,0,,27.44,2026-10-05
006040,1,2026-07-20,4.69,2026-10-05
000120,5,2026-08-12,15.19,2026-10-05
120110,5,2026-08-18,17.74,2026-10-05
008770,5,2026-08-31,18.56,2026-10-05
011210,5,2026-07-29,19.19,2026-10-05
395400,0,,8.28,2026-10-05
020560,0,,3.93,2026-10-05
001800,0,,9.75,2026-10-05
097230,2,2026-08-18,5.9,2026-10-05
001430,5,2026-08-03,6.03,2026-10-05
294870,5,2026-09-21,17.66,2026-10-05
006280,5,2026-07-22,23.91,2026-10-05
322000,4,2026-07-27,7.79,2026-10-05
298020,5,2026-08-03,20.94,2026-10-05
001120,5,2026-09-30,25.19,2026-10-05
069620,5,2026-07-31,14.52,2026-10-05
007810,0,,5.38,2026-10-05
229640,5,2026-08-18,4.72,2026-10-05
012630,1,2026-09-09,25.08,2026-10-05
361610,5,2026-08-04,6.75,2026-10-05
007310,0,,11.16,2026-10-05
280360,5,2026-09-21,13.96,2026-10-05
093370,3,2026-08-18,10.63,2026-10-05
001740,5,2026-09-23,17.25,2026-10-05
005070,2,2026-07-23,6.15,2026-10-05
281820,0,,13.3,2026-10-05
017960,5,2026-08-31,12.83,2026-10-05
003540,3,2026-08-12,9.37,2026-10-05
415640,0,,3.34,2026-10-05
192080,5,2026-10-02,21.45,2026-10-05
004000,4,2026-07-31,23.39,2026-10-05
300720,0,,4.48,2026-10-05
030610,0,,0.98,2026-10-05
001820,1,2026-08-24,8.58,2026-10-05
330590,0,,7.31,2026-10-05
000080,2,2026-08-14,7.54,2026-10-05
003530,0,,6.08,2026-10-05
006340,0,,3.12,2026-10-05
032350,5,2026-08-24,19.72,2026-10-05
000210,0,,20.9,2026-10-05
003090,0,,4.88,2026-10-05
003240,0,,3.45,2026-10-05
003570,2,2026-08-06,12.47,2026-10-05
077970,1,2026-05-22,3.5,2026-10-05
006110,2,2026-07-24,39.0,2026-10-05
192400,0,,10.7,2026-10-05
000370,5,2026-08-13,14.47,2026-10-05
451800,0,,0.92,2026-10-05
185750,5,2026-08-24,15.39,2026-10-05
030190,0,,32.59,2026-10-05
285130,0,,10.38,2026-10-05
009240,5,2026-08-18,12.55,2026-10-05
034230,5,2026-08-10,6.89,2026-10-05
005300,5,2026-08-06,15.94,2026-10-05
009450,4,2026-08-12,9.13,2026-10-05
004490,2,2026-08-19,23.56,2026-10-05
195870,5,2026-09-23,20.36,2026-10-05
079160,4,2026-09-10,5.33,2026-10-05
003470,0,,68.48,2026-10-05
005090,5,2026-07-24,5.03,2026-10-05
006120,0,,13.92,2026-10-05
071320,5,2026-08-11,2.74,2026-10-05
100090,5,2026-08-13,3.89,2026-10-05
005180,2,2026-08-18,24.15,2026-10-05
499790,5,2026-08-06,10.99,2026-10-05
298050,3,2026-08-04,7.57,2026-10-05
003850,1,2026-05-19,4.84,2026-10-05
365550,0,,38.89,2026-10-05
137310,0,,6.12,2026-10-05
214320,5,2026-09-30,19.29,2026-10-05
000670,0,,15.4,2026-10-05
036530,0,,12.13,2026-10-05
456040,1,2026-06-30,10.77,2026-10-05
005880,3,2026-08-20,12.45,2026-10-05
003160,4,2026-09-07,18.57,2026-10-05
064960,5,2026-09-29,11.99,2026-10-05
093050,0,,13.01,2026-10-05
317450,0,,0.92,2026-10-05
005690,3,2026-05-13,8.46,2026-10-05
100840,1,2026-08-31,0.9,2026-10-05
017940,2,2026-08-25,7.47,2026-10-05
069260,3,2026-08-28,7.74,2026-10-05
268280,0,,0.54,2026-10-05
293940,0,,11.14,2026-10-05
000400,0,,0.86,2026-10-05
094800,0,,3.83,2026-10-05
002960,0,,58.5,2026-10-05
014820,0,,13.69,2026-10-05
000640,3,2026-08-03,17.04,2026-10-05
001060,0,,7.76,2026-10-05
248070,3,2026-05-29,19.76,2026-10-05
033240,2,2026-08-05,12.5,2026-10-05
002350,5,2026-08-14,10.42,2026-10-05
002990,0,,0.0,2026-10-05
001570,0,,4.24,2026-10-05
001680,2,2026-06-05,16.13,2026-10-05
0220W0,0,,13.66,2026-10-05
002840,0,,2.87,2026-10-05
383800,0,,12.9,2026-10-05
006650,3,2026-09-22,9.74,2026-10-05
453340,3,2026-08-05,15.57,2026-10-05
075580,1,2026-09-01,2.6,2026-10-05
108320,1,2026-07-28,30.98,2026-10-05
079900,3,2026-08-24,0.17,2026-10-05
001510,0,,2.51,2026-10-05
114090,5,2026-08-12,11.09,2026-10-05
003300,0,,3.87,2026-10-05
001530,3,2026-08-24,4.69,2026-10-05
090460,5,2026-09-14,11.52,2026-10-05
001270,0,,1.16,2026-10-05
058650,1,2026-08-21,1.42,2026-10-05
178920,1,2026-05-06,14.61,2026-10-05
007700,0,,0.31,2026-10-05
025540,2,2026-08-21,27.46,2026-10-05
016380,3,2026-07-30,5.87,2026-10-05
005810,0,,12.15,2026-10-05
336370,5,2026-07-27,2.53,2026-10-05
003620,5,2026-08-06,17.62,2026-10-05
284740,0,,9.51,2026-10-05
019170,0,,4.87,2026-10-05
460860,4,2026-07-27,24.91,2026-10-05
039130,5,2026-08-06,10.9,2026-10-05
009410,0,,0.36,2026-10-05
008060,0,,15.75,2026-10-05
448730,0,,0.74,2026-10-05
001500,1,2026-07-29,2.9,2026-10-05
034310,0,,8.81,2026-10-05
161000,0,,0.52,2026-10-05
010780,3,2026-08-14,6.51,2026-10-05
377740,0,,0.5,2026-10-05
004690,2,2026-08-31,11.89,2026-10-05
005250,0,,8.12,2026-10-05
145990,0,,4.95,2026-10-05
002240,0,,6.22,2026-10-05
000070,0,,7.93,2026-10-05
249420,1,2026-05-28,5.4,2026-10-05
029460,0,,14.44,2026-10-05
014830,5,2026-07-23,11.64,2026-10-05
002030,0,,5.1,2026-10-05
072710,0,,4.17,2026-10-05
092230,0,,30.43,2026-10-05
317400,4,2026-09-14,5.85,2026-10-05
017900,0,,18.12,2026-10-05
004700,0,,0.59,2026-10-05
005420,0,,4.66,2026-10-05
003030,1,2026-07-22,8.08,2026-10-05
403550,5,2026-09-22,0.28,2026-10-05
001200,0,,11.37,2026-10-05
016590,1,2026-09-04,1.79,2026-10-05
016610,0,,8.77,2026-10-05
130660,0,,2.31,2026-10-05
009900,3,2026-08-19,5.71,2026-10-05
008730,0,,5.57,2026-10-05
484870,1,2026-04-10,6.61,2026-10-05
003000,1,2026-06-02,7.22,2026-10-05
003280,0,,2.98,2026-10-05
002810,0,,20.43,2026-10-05
357120,0,,1.6,2026-10-05
0120G0,0,,3.61,2026-10-05
192650,3,2026-06-23,58.42,2026-10-05
344820,0,,4.77,2026-10-05
271940,0,,3.37,2026-10-05
001940,0,,7.7,2026-10-05
029530,0,,11.07,2026-10-05
183190,1,2026-06-30,4.35,2026-10-05
194370,2,2026-07-01,3.05,2026-10-05
306200,4,2026-08-18,4.88,2026-10-05
452260,0,,0.66,2026-10-05
950210,0,,63.64,2026-10-05
015360,0,,5.15,2026-10-05
027410,0,,5.31,2026-10-05
031430,5,2026-08-13,6.22,2026-10-05
006220,0,,0.79,2026-10-05
017810,2,2026-08-24,0.77,2026-10-05
170900,3,2026-07-29,19.3,2026-10-05
104700,0,,5.27,2026-10-05
060980,2,2026-05-29,12.48,2026-10-05
089590,5,2026-08-06,2.57,2026-10-05
007690,2,2026-07-27,19.56,2026-10-05
126560,1,2026-09-09,0.67,2026-10-05
024720,0,,22.99,2026-10-05
004710,0,,4.31,2026-10-05
105630,5,2026-08-19,5.57,2026-10-05
005610,4,2026-10-02,1.99,2026-10-05
097520,3,2026-10-01,12.6,2026-10-05
009160,0,,1.21,2026-10-05
020000,5,2026-09-29,22.2,2026-10-05
011930,3,2026-08-26,0.0,2026-10-05
011760,4,2026-08-07,10.15,2026-10-05
015860,0,,8.59,2026-10-05
002310,0,,4.8,2026-10-05
002020,1,2026-05-18,13.54,2026-10-05
092790,0,,0.72,2026-10-05
078520,1,2026-07-14,10.09,2026-10-05
145720,5,2026-08-14,13.1,2026-10-05
200880,0,,7.2,2026-10-05
026890,1,2026-08-31,48.37,2026-10-05
005720,0,,2.66,2026-10-05
003350,0,,1.32,2026-10-05
009290,0,,15.79,2026-10-05
016800,0,,20.09,2026-10-05
091810,0,,0.39,2026-10-05
025860,0,,2.21,2026-10-05
123890,1,2026-08-28,5.71,2026-10-05
005950,0,,6.36,2026-10-05
001230,0,,13.36,2026-10-05
108670,4,2026-08-03,14.84,2026-10-05
018250,1,2026-08-12,1.64,2026-10-05
381970,3,2026-05-20,7.53,2026-10-05
126720,1,2026-05-27,2.71,2026-10-05
272450,3,2026-07-31,1.28,2026-10-05
096760,0,,3.43,2026-10-05
244920,1,2026-09-10,12.13,2026-10-05
001390,0,,11.79,2026-10-05
001750,1,2026-06-17,10.25,2026-10-05
002710,0,,2.53,2026-10-05
012030,0,,5.11,2026-10-05
034830,3,2026-09-02,4.04,2026-10-05
084690,0,,3.84,2026-10-05
058430,0,,3.39,2026-10-05
084010,1,2026-08-19,2.35,2026-10-05
010820,0,,11.5,2026-10-05
037710,1,2026-04-14,3.78,2026-10-05
002900,1,2026-08-06,21.54,2026-10-05
033270,1,2026-05-29,8.62,2026-10-05
003960,0,,1.47,2026-10-05
105840,1,2026-05-19,6.09,2026-10-05
286940,5,2026-09-18,1.53,2026-10-05
003120,0,,0.27,2026-10-05
122900,2,2026-08-18,3.84,2026-10-05
004430,0,,15.37,2026-10-05
217590,2,2026-06-22,6.33,2026-10-05
010690,1,2026-06-30,1.15,2026-10-05
000430,0,,2.74,2026-10-05
017390,0,,2.61,2026-10-05
334890,0,,2.15,2026-10-05
008490,0,,5.93,2026-10-05
005430,2,2026-08-14,13.48,2026-10-05
007160,0,,1.04,2026-10-05
004360,0,,12.88,2026-10-05
044820,0,,5.23,2026-10-05
298690,0,,0.8,2026-10-05
003070,1,2026-05-28,0.83,2026-10-05
053690,2,2026-07-23,3.28,2026-10-05
003200,0,,10.26,2026-10-05
001790,0,,0.0,2026-10-05
003920,0,,6.57,2026-10-05
226320,0,,1.32,2026-10-05
003650,0,,30.27,2026-10-05
005680,0,,40.09,2026-10-05
005500,0,,3.84,2026-10-05
900140,2,2026-09-28,11.36,2026-10-05
025000,0,,31.42,2026-10-05
136490,0,,7.54,2026-10-05
475560,0,,0.38,2026-10-05
404990,0,,0.82,2026-10-05
001460,0,,5.06,2026-10-05
000680,0,,0.86,2026-10-05
092200,0,,1.84,2026-10-05
030210,0,,4.6,2026-10-05
0030R0,0,,0.17,2026-10-05
000320,0,,2.82,2026-10-05
002320,1,2026-08-24,4.84,2026-10-05
348950,0,,13.07,2026-10-05
001340,0,,1.62,2026-10-05
134380,0,,0.52,2026-10-05
020120,0,,6.69,2026-10-05
000540,0,,1.27,2026-10-05
000490,1,2026-09-09,3.83,2026-10-05
000050,0,,2.42,2026-10-05
034120,5,2026-08-18,0.0,2026-10-05
044450,1,2026-08-31,8.69,2026-10-05
298000,0,,2.4,2026-10-05
033920,0,,2.03,2026-10-05
001250,1,2026-05-28,4.43,2026-10-05
009680,0,,11.25,2026-10-05
000650,0,,0.6,2026-10-05
003720,0,,4.45,2026-10-05
011500,0,,3.97,2026-10-05
005010,0,,1.12,2026-10-05
432320,0,,2.05,2026-10-05
017860,0,,2.63,2026-10-05
000480,0,,0.77,2026-10-05
035150,1,2026-08-18,6.02,2026-10-05
004980,0,,4.25,2026-10-05
003520,0,,2.21,2026-10-05
037270,0,,4.86,2026-10-05
100250,0,,1.78,2026-10-05
088260,0,,2.51,2026-10-05
095570,3,2026-08-18,5.9,2026-10-05
039570,1,2026-05-19,4.25,2026-10-05
013580,0,,10.02,2026-10-05
028100,0,,7.06,2026-10-05
004310,0,,1.33,2026-10-05
001630,0,,2.99,2026-10-05
053210,1,2026-05-11,5.98,2026-10-05
001130,0,,7.26,2026-10-05
377190,0,,2.58,2026-10-05
010580,0,,0.72,2026-10-05
128820,0,,3.1,2026-10-05
339770,2,2026-08-10,1.81,2026-10-05
117580,0,,1.09,2026-10-05
000140,0,,7.07,2026-10-05
033530,2,2026-09-02,7.34,2026-10-05
102260,1,2026-09-11,3.75,2026-10-05
016580,0,,12.73,2026-10-05
035510,0,,3.25,2026-10-05
007860,0,,6.41,2026-10-05
102460,0,,1.21,2026-10-05
016450,0,,1.79,2026-10-05
002420,0,,0.21,2026-10-05
241590,2,2026-05-28,5.55,2026-10-05
014710,0,,4.41,2026-10-05
000390,0,,20.24,2026-10-05
025560,0,,9.88,2026-10-05
002100,0,,0.8,2026-10-05
213500,2,2026-08-03,5.15,2026-10-05
002150,0,,0.88,2026-10-05
234080,0,,14.36,2026-10-05
487570,0,,4.97,2026-10-05
004560,0,,3.9,2026-10-05
003220,2,2026-05-26,12.94,2026-10-05
003610,0,,0.0,2026-10-05
005960,0,,8.04,2026-10-05
003460,0,,1.6,2026-10-05
000300,0,,2.09,2026-10-05
000700,0,,22.05,2026-10-05
015230,0,,8.66,2026-10-05
004380,1,2026-08-06,37.38,2026-10-05
002170,0,,3.84,2026-10-05
016880,0,,5.86,2026-10-05
013890,0,,7.38,2026-10-05
101530,0,,0.94,2026-10-05
090350,0,,5.75,2026-10-05
000860,0,,4.83,2026-10-05
007570,0,,5.25,2026-10-05
001780,0,,4.12,2026-10-05
003010,0,,7.32,2026-10-05
460850,0,,21.38,2026-10-05
400760,0,,2.19,2026-10-05
462520,0,,0.34,2026-10-05
077500,0,,60.57,2026-10-05
009470,0,,26.53,2026-10-05
003830,0,,0.45,2026-10-05
000970,0,,2.39,2026-10-05
025820,0,,4.11,2026-10-05
071840,2,2026-05-08,2.56,2026-10-05
272550,0,,2.45,2026-10-05
293480,0,,0.0,2026-10-05
004970,0,,4.13,2026-10-05
271980,0,,1.31,2026-10-05
000020,0,,2.91,2026-10-05
004960,0,,4.52,2026-10-05
004090,0,,4.51,2026-10-05
107590,0,,0.45,2026-10-05
002210,0,,0.78,2026-10-05
006060,0,,4.56,2026-10-05
001080,0,,0.42,2026-10-05
015890,0,,2.35,2026-10-05
003480,0,,2.72,2026-10-05
004150,1,2026-05-29,5.2,2026-10-05
094280,0,,1.1,2026-10-05
214420,0,,2.14,2026-10-05
081000,0,,4.11,2026-10-05
008350,0,,5.97,2026-10-05
012610,0,,5.83,2026-10-05
000520,0,,3.12,2026-10-05
013520,0,,6.8,2026-10-05
001210,0,,12.9,2026-10-05
004080,0,,2.14,2026-10-05
002390,0,,2.0,2026-10-05
009270,0,,2.66,2026-10-05
014280,1,2026-08-14,2.05,2026-10-05
210540,0,,13.1,2026-10-05
024090,0,,5.3,2026-10-05
267290,0,,8.1,2026-10-05
214390,0,,2.27,2026-10-05
089470,0,,3.15,2026-10-05
001360,0,,3.23,2026-10-05
011690,0,,5.28,2026-10-05
037560,1,2026-05-11,4.31,2026-10-05
007540,0,,5.77,2026-10-05
350520,0,,1.55,2026-10-05
078000,0,,1.4,2026-10-05
009070,0,,6.38,2026-10-05
018470,0,,0.03,2026-10-05
079430,2,2026-08-14,3.39,2026-10-05
005800,0,,25.59,2026-10-05
017550,0,,2.51,2026-10-05
227840,0,,4.63,2026-10-05
001520,1,2026-09-18,2.13,2026-10-05
002620,0,,9.88,2026-10-05
011280,0,,1.17,2026-10-05
083420,0,,1.91,2026-10-05
013570,0,,3.76,2026-10-05
034590,0,,2.35,2026-10-05
008970,0,,1.03,2026-10-05
002780,0,,0.02,2026-10-05
016710,0,,2.66,2026-10-05
014530,0,,3.75,2026-10-05
012800,0,,4.65,2026-10-05
012320,0,,3.65,2026-10-05
002460,0,,1.91,2026-10-05
004250,0,,1.11,2026-10-05
023450,0,,0.22,2026-10-05
010100,0,,2.98,2026-10-05
011810,0,,2.2,2026-10-05
001290,0,,0.0,2026-10-05
123690,0,,1.58,2026-10-05
092220,0,,0.9,2026-10-05
248170,0,,6.41,2026-10-05
014580,0,,3.32,2026-10-05
027970,0,,0.57,2026-10-05
006660,0,,1.96,2026-10-05
120030,0,,0.87,2026-10-05
035000,0,,12.27,2026-10-05
009580,0,,1.39,2026-10-05
002450,0,,1.34,2026-10-05
267850,0,,0.65,2026-10-05
008260,0,,0.85,2026-10-05
012200,0,,0.0,2026-10-05
016740,0,,3.13,2026-10-05
264900,0,,2.74,2026-10-05
070960,1,2026-05-27,1.93,2026-10-05
067830,0,,9.27,2026-10-05
021820,0,,3.31,2026-10-05
119650,0,,0.12,2026-10-05
006840,0,,5.4,2026-10-05
014790,4,2026-09-28,2.74,2026-10-05
019180,0,,8.04,2026-10-05
032560,0,,5.17,2026-10-05
008700,0,,1.12,2026-10-05
004100,0,,3.78,2026-10-05
007210,0,,2.61,2026-10-05
417310,0,,3.88,2026-10-05
014440,0,,52.57,2026-10-05
036580,0,,0.75,2026-10-05
058850,0,,5.6,2026-10-05
013700,0,,1.53,2026-10-05
008040,0,,0.0,2026-10-05
025620,0,,0.22,2026-10-05
058860,1,2026-07-20,6.0,2026-10-05
363280,0,,1.14,2026-10-05
002200,0,,2.5,2026-10-05
004140,0,,4.9,2026-10-05
139990,0,,14.71,2026-10-05
023000,0,,0.74,2026-10-05
004890,0,,3.9,2026-10-05
023800,0,,2.61,2026-10-05
006090,0,,3.9,2026-10-05
005740,0,,2.89,2026-10-05
001020,0,,0.28,2026-10-05
007980,0,,7.1,2026-10-05
111380,1,2026-05-28,1.76,2026-10-05
011700,0,,6.46,2026-10-05
109070,0,,0.0,2026-10-05
013360,0,,65.0,2026-10-05
002600,0,,0.04,2026-10-05
004840,0,,1.16,2026-10-05
019680,0,,1.71,2026-10-05
001470,0,,0.0,2026-10-05
055490,0,,4.22,2026-10-05
000850,0,,10.14,2026-10-05
069730,0,,9.61,2026-10-05
163560,0,,3.36,2026-10-05
015590,0,,0.0,2026-10-05
000590,0,,5.11,2026-10-05
009180,0,,4.52,2026-10-05
002220,0,,2.2,2026-10-05
210980,0,,0.55,2026-10-05
063160,0,,1.37,2026-10-05
003580,0,,1.59,2026-10-05
005750,0,,1.93,2026-10-05
000230,0,,2.28,2026-10-05
001260,0,,0.87,2026-10-05
007590,0,,30.9,2026-10-05
084680,0,,0.02,2026-10-05
010960,0,,6.67,2026-10-05
014160,0,,1.93,2026-10-05
013870,0,,56.12,2026-10-05
004720,0,,1.56,2026-10-05
031820,0,,2.04,2026-10-05
011150,0,,2.04,2026-10-05
084670,0,,4.25,2026-10-05
000180,0,,0.44,2026-10-05
007610,0,,1.66,2026-10-05
002720,0,,3.35,2026-10-05
095720,0,,1.88,2026-10-05
338100,0,,0.6,2026-10-05
085310,0,,0.0,2026-10-05
155660,0,,2.79,2026-10-05
009770,0,,17.34,2026-10-05
001560,0,,6.41,2026-10-05
079980,0,,1.27,2026-10-05
058730,0,,1.51,2026-10-05
002700,0,,3.94,2026-10-05
004770,0,,5.52,2026-10-05
214330,0,,0.61,2026-10-05
017370,0,,0.52,2026-10-05
004440,0,,1.52,2026-10-05
018500,0,,3.54,2026-10-05
007280,0,,0.97,2026-10-05
010040,0,,0.49,2026-10-05
009190,0,,3.45,2026-10-05
016090,0,,6.28,2026-10-05
005870,0,,27.78,2026-10-05
100220,0,,5.09,2026-10-05
009200,0,,2.1,2026-10-05
068290,0,,1.36,2026-10-05
010660,0,,4.31,2026-10-05
071090,0,,1.81,2026-10-05
072130,0,,3.47,2026-10-05
002760,0,,3.95,2026-10-05
396690,0,,0.93,2026-10-05
006890,0,,1.03,2026-10-05
000220,0,,2.23,2026-10-05
007460,0,,0.3,2026-10-05
092440,0,,63.03,2026-10-05
111110,1,2026-05-20,2.19,2026-10-05
129260,0,,5.46,2026-10-05
001550,0,,1.88,2026-10-05
000950,0,,0.84,2026-10-05
004450,0,,5.61,2026-10-05
378850,0,,2.88,2026-10-05
075180,0,,65.94,2026-10-05
020760,0,,0.96,2026-10-05
024900,0,,1.65,2026-10-05
101140,0,,0.82,2026-10-05
012690,0,,1.94,2026-10-05
002140,0,,2.1,2026-10-05
025530,0,,1.97,2026-10-05
010770,0,,16.12,2026-10-05
123700,0,,7.43,2026-10-05
021050,0,,5.49,2026-10-05
090080,0,,3.69,2026-10-05
002410,0,,1.14,2026-10-05
006880,0,,2.05,2026-10-05
004830,0,,3.73,2026-10-05
011390,0,,1.66,2026-10-05
002630,0,,0.0,2026-10-05
023810,0,,0.01,2026-10-05
372910,2,2026-07-31,4.44,2026-10-05
011230,0,,3.44,2026-10-05
003780,0,,4.39,2026-10-05
004410,0,,2.37,2026-10-05
084870,0,,1.97,2026-10-05
011000,0,,0.0,2026-10-05
006980,0,,0.92,2026-10-05
027740,0,,2.32,2026-10-05
041650,0,,2.35,2026-10-05
011300,0,,0.0,2026-10-05
001620,0,,0.75,2026-10-05
004920,0,,0.0,2026-10-05
009320,0,,0.87,2026-10-05
357250,0,,0.44,2026-10-05
000910,0,,5.09,2026-10-05
004910,0,,1.42,2026-10-05
480370,0,,1.0,2026-10-05
004060,0,,0.04,2026-10-05
069460,0,,1.74,2026-10-05
007110,0,,0.0,2026-10-05
014990,0,,0.1,2026-10-05
002920,0,,8.92,2026-10-05
005030,0,,0.48,2026-10-05
074610,0,,2.29,2026-10-05
003080,0,,1.03,2026-10-05
008420,0,,2.72,2026-10-05
092780,0,,1.82,2026-10-05
014910,0,,3.91,2026-10-05
023350,0,,2.41,2026-10-05
004540,0,,0.97,2026-10-05
011330,0,,0.22,2026-10-05
481850,1,2026-06-23,0.16,2026-10-05
446070,0,,0.96,2026-10-05
026940,0,,3.87,2026-10-05
011420,0,,5.41,2026-10-05
006370,0,,4.27,2026-10-05
019490,0,,0.65,2026-10-05
012160,0,,1.71,2026-10-05
017180,0,,1.59,2026-10-05
012280,0,,1.41,2026-10-05
017040,0,,5.01,2026-10-05
047400,0,,2.85,2026-10-05
000760,0,,0.29,2026-10-05
134790,0,,1.57,2026-10-05
008870,0,,0.24,2026-10-05
023960,0,,1.32,2026-10-05
145270,0,,11.77,2026-10-05
010640,0,,2.04,2026-10-05
000890,0,,2.66,2026-10-05
008250,0,,4.7,2026-10-05
133820,0,,1.56,2026-10-05
013000,0,,1.72,2026-10-05
049800,0,,2.66,2026-10-05
002880,0,,2.15,2026-10-05
005820,0,,1.9,2026-10-05
009460,0,,1.35,2026-10-05
009140,0,,8.88,2026-10-05
002870,0,,1.97,2026-10-05
143210,0,,1.27,2026-10-05
007120,0,,2.3,2026-10-05
010400,0,,2.61,2026-10-05
001070,0,,1.49,2026-10-05
069640,0,,0.69,2026-10-05
308170,1,2026-07-10,1.21,2026-10-05
036420,1,2026-05-11,1.0,2026-10-05
003680,0,,4.81,2026-10-05
025750,1,2026-07-20,2.98,2026-10-05
006570,0,,1.63,2026-10-05
023150,0,,1.67,2026-10-05
024070,0,,1.95,2026-10-05
002690,0,,1.18,2026-10-05
090370,0,,0.0,2026-10-05
051630,0,,0.77,2026-10-05
009810,0,,0.23,2026-10-05
003060,0,,0.0,2026-10-05
001380,0,,2.6,2026-10-05
014130,0,,3.03,2026-10-05
033250,0,,1.81,2026-10-05
118000,0,,0.38,2026-10-05
025890,1,2026-06-12,4.8,2026-10-05
357430,0,,0.15,2026-10-05
005320,0,,2.63,2026-10-05
006490,0,,0.09,2026-10-05
005110,0,,14.63,2026-10-05
088790,0,,4.66,2026-10-05
005360,0,,4.28,2026-10-05
000040,0,,25.58,2026-10-05
004870,0,,1.1,2026-10-05
011090,0,,1.55,2026-10-05
006740,0,,0.0,2026-10-05
030720,0,,6.36,2026-10-05
093240,0,,3.96,2026-10-05
071950,0,,1.12,2026-10-05
009310,0,,1.47,2026-10-05
002070,0,,0.0,2026-10-05
004270,0,,1.63,2026-10-05
0106J0,0,,0.0,2026-10-05
465770,0,,3.32,2026-10-05
015020,0,,3.05,2026-10-05
002820,0,,3.89,2026-10-05
006200,0,,3.69,2026-10-05
008600,0,,2.17,2026-10-05
009440,0,,0.86,2026-10-05
001420,0,,2.54,2026-10-05
002360,0,,33.65,2026-10-05
012170,0,,0.0,2026-10-05
001770,0,,0.0,2026-10-05
024890,0,,1.26,2026-10-05
015260,1,2026-07-24,0.0,2026-10-05
044380,0,,3.79,2026-10-05
0120X0,0,,0.0,2026-10-05
145210,0,,0.0,2026-10-05
196170,5,2026-09-21,15.43,2026-10-05
086520,1,2026-08-19,19.45,2026-10-05
247540,5,2026-08-10,15.34,2026-10-05
277810,0,,5.89,2026-10-05
036930,0,,9.51,2026-10-05
240810,3,2026-08-07,14.06,2026-10-05
058470,2,2026-05-22,26.75,2026-10-05
039030,4,2026-08-18,24.7,2026-10-05
028300,0,,14.08,2026-10-05
214450,5,2026-08-18,13.68,2026-10-05
222800,5,2026-09-09,13.57,2026-10-05
087010,0,,4.84,2026-10-05
298380,4,2026-09-01,15.06,2026-10-05
403870,4,2026-09-28,33.56,2026-10-05
000250,0,,4.13,2026-10-05
141080,3,2026-08-05,13.45,2026-10-05
319660,4,2026-08-18,21.2,2026-10-05
095340,5,2026-09-14,26.94,2026-10-05
108490,2,2026-08-24,7.14,2026-10-05
257720,5,2026-09-07,11.94,2026-10-05
145020,5,2026-09-28,56.53,2026-10-05
310210,3,2026-09-28,5.82,2026-10-05
440110,2,2026-09-23,24.79,2026-10-05
084370,0,,35.63,2026-10-05
214370,0,,4.64,2026-10-05
095610,5,2026-09-17,7.84,2026-10-05
357780,5,2026-09-01,30.08,2026-10-05
064760,4,2026-09-03,64.9,2026-10-05
319400,0,,3.9,2026-10-05
080220,0,,2.13,2026-10-05
131290,4,2026-10-01,9.6,2026-10-05
031980,3,2026-09-11,6.91,2026-10-05
347850,5,2026-06-15,10.68,2026-10-05
178320,5,2026-09-28,13.79,2026-10-05
067310,1,2026-06-10,20.08,2026-10-05
237690,5,2026-09-28,13.28,2026-10-05
226950,5,2026-09-17,10.17,2026-10-05
010170,0,,3.83,2026-10-05
214150,5,2026-09-30,68.23,2026-10-05
032820,0,,5.22,2026-10-05
005290,0,,12.97,2026-10-05
140410,0,,22.73,2026-10-05
058610,2,2026-08-24,5.27,2026-10-05
263750,5,2026-08-13,5.15,2026-10-05
083650,5,2026-08-19,7.59,2026-10-05
098460,5,2026-08-20,31.18,2026-10-05
140860,5,2026-09-30,39.89,2026-10-05
068760,1,2026-09-02,4.86,2026-10-05
096530,3,2026-08-10,22.91,2026-10-05
089030,1,2026-04-28,21.36,2026-10-05
060370,0,,2.74,2026-10-05
041510,5,2026-09-23,30.63,2026-10-05
241710,5,2026-09-28,25.03,2026-10-05
007390,0,,7.48,2026-10-05
0009K0,1,2026-06-11,3.14,2026-10-05
950160,0,,4.1,2026-10-05
131970,5,2026-08-20,8.08,2026-10-05
089970,3,2026-07-07,11.11,2026-10-05
323280,0,,6.52,2026-10-05
030530,0,,5.16,2026-10-05
078600,1,2026-05-15,14.65,2026-10-05
475830,4,2026-09-09,7.18,2026-10-05
290650,3,2026-08-03,23.24,2026-10-05
035900,5,2026-09-22,13.01,2026-10-05
420770,5,2026-09-14,6.55,2026-10-05
039200,5,2026-08-12,12.43,2026-10-05
183300,4,2026-09-21,26.8,2026-10-05
082920,5,2026-09-04,28.64,2026-10-05
127120,1,2026-07-14,3.67,2026-10-05
218410,5,2026-09-16,19.04,2026-10-05
003380,0,,7.74,2026-10-05
195940,5,2026-09-10,11.53,2026-10-05
204270,3,2026-09-03,2.41,2026-10-05
043260,4,2026-09-15,2.87,2026-10-05
347700,2,2026-09-15,8.3,2026-10-05
166090,4,2026-09-03,23.97,2026-10-05
437730,1,2026-09-16,1.48,2026-10-05
086450,3,2026-10-02,10.16,2026-10-05
356860,5,2026-09-09,6.41,2026-10-05
232140,3,2026-08-19,6.33,2026-10-05
445680,1,2026-06-11,6.94,2026-10-05
036540,2,2026-09-21,14.22,2026-10-05
124500,0,,3.25,2026-10-05
036830,0,,6.21,2026-10-05
950260,0,,1.18,2026-10-05
293490,5,2026-08-13,4.59,2026-10-05
476830,4,2026-04-28,9.49,2026-10-05
101490,1,2026-09-28,11.74,2026-10-05
056190,2,2026-10-01,12.74,2026-10-05
119850,3,2026-09-18,8.57,2026-10-05
038500,1,2026-08-10,5.14,2026-10-05
100790,0,,4.12,2026-10-05
458870,5,2026-09-22,4.41,2026-10-05
014620,2,2026-08-12,33.2,2026-10-05
491000,1,2026-05-28,3.27,2026-10-05
065350,0,,3.97,2026-10-05
252990,3,2026-05-13,9.72,2026-10-05
083450,4,2026-09-07,22.64,2026-10-05
099320,1,2026-04-10,10.95,2026-10-05
031330,0,,7.94,2026-10-05
041830,5,2026-08-27,33.87,2026-10-05
213420,5,2026-08-13,12.15,2026-10-05
090710,0,,7.98,2026-10-05
388720,0,,15.78,2026-10-05
281740,1,2026-04-30,8.64,2026-10-05
417200,1,2026-06-19,7.12,2026-10-05
032190,0,,13.92,2026-10-05
033100,0,,7.01,2026-10-05
251970,5,2026-09-28,13.52,2026-10-05
115180,0,,3.44,2026-10-05
090360,0,,5.52,2026-10-05
085660,0,,7.43,2026-10-05
122870,5,2026-09-22,9.07,2026-10-05
093320,2,2026-10-01,43.71,2026-10-05
225570,0,,2.37,2026-10-05
456160,1,2026-06-11,5.95,2026-10-05
171090,4,2026-08-20,2.58,2026-10-05
035760,5,2026-08-12,10.74,2026-10-05
006730,5,2026-08-20,16.42,2026-10-05
137400,1,2026-09-01,3.77,2026-10-05
388210,5,2026-09-28,6.27,2026-10-05
023160,3,2026-08-14,16.16,2026-10-05
074600,4,2026-08-13,12.75,2026-10-05
328130,3,2026-05-27,8.18,2026-10-05
189300,5,2026-09-14,21.94,2026-10-05
041960,0,,4.51,2026-10-05
094170,2,2026-09-16,3.33,2026-10-05
476060,2,2026-09-04,0.45,2026-10-05
053800,0,,29.25,2026-10-05
253450,5,2026-08-07,8.82,2026-10-05
044490,5,2026-09-10,3.29,2026-10-05
122640,2,2026-09-01,5.93,2026-10-05
466100,3,2026-06-18,5.91,2026-10-05
059090,0,,23.39,2026-10-05
161580,0,,1.98,2026-10-05
060250,3,2026-08-21,10.63,2026-10-05
102710,0,,24.0,2026-10-05
048410,0,,6.18,2026-10-05
327260,5,2026-09-10,8.88,2026-10-05
222080,1,2026-05-04,11.13,2026-10-05
032500,5,2026-09-16,5.38,2026-10-05
121600,2,2026-09-11,5.64,2026-10-05
079940,1,2026-09-30,34.16,2026-10-05
052400,3,2026-08-05,4.05,2026-10-05
425420,0,,5.03,2026-10-05
295310,2,2026-05-06,2.94,2026-10-05
046890,2,2026-08-12,14.81,2026-10-05
160190,1,2026-04-22,0.34,2026-10-05
033790,0,,37.6,2026-10-05
052020,0,,5.45,2026-10-05
033500,3,2026-08-31,15.98,2026-10-05
053610,1,2026-07-07,6.48,2026-10-05
383310,2,2026-07-07,8.43,2026-10-05
041190,0,,1.14,2026-10-05
009520,0,,7.16,2026-10-05
050890,5,2026-09-16,15.54,2026-10-05
033640,3,2026-09-30,11.66,2026-10-05
019210,1,2026-08-19,23.7,2026-10-05
211050,1,2026-09-10,2.33,2026-10-05
036810,1,2026-09-21,7.32,2026-10-05
278280,4,2026-08-27,4.77,2026-10-05
399720,0,,2.32,2026-10-05
045100,0,,20.97,2026-10-05
490470,1,2026-08-27,4.33,2026-10-05
358570,1,2026-07-08,9.41,2026-10-05
099190,3,2026-07-28,24.54,2026-10-05
174900,0,,6.95,2026-10-05
086900,1,2026-08-20,12.3,2026-10-05
025980,0,,5.8,2026-10-05
112040,1,2026-05-13,7.29,2026-10-05
397030,0,,7.21,2026-10-05
082270,0,,6.98,2026-10-05
340570,3,2026-09-23,12.57,2026-10-05
037460,0,,6.07,2026-10-05
101160,2,2026-09-17,20.99,2026-10-05
376900,1,2026-06-26,5.75,2026-10-05
460930,0,,1.44,2026-10-05
015750,0,,6.4,2026-10-05
365340,4,2026-08-21,3.1,2026-10-05
253590,0,,0.59,2026-10-05
035890,1,2026-08-07,3.94,2026-10-05
018290,1,2026-09-29,6.0,2026-10-05
034950,0,,80.84,2026-10-05
024850,1,2026-05-06,0.0,2026-10-05
348370,0,,4.54,2026-10-05
056080,0,,21.08,2026-10-05
126340,2,2026-07-01,7.18,2026-10-05
067160,3,2026-07-14,28.83,2026-10-05
336570,0,,3.42,2026-10-05
376300,5,2026-08-12,3.17,2026-10-05
077360,3,2026-08-25,4.27,2026-10-05
348340,0,,4.67,2026-10-05
030520,5,2026-08-26,4.9,2026-10-05
214430,0,,4.05,2026-10-05
477850,1,2026-08-07,0.0,2026-10-05
078340,5,2026-09-02,13.54,2026-10-05
080580,0,,9.46,2026-10-05
092190,1,2026-08-31,2.63,2026-10-05
144960,4,2026-08-11,10.56,2026-10-05
064290,5,2026-09-21,5.32,2026-10-05
064260,1,2026-05-14,3.4,2026-10-05
272290,4,2026-08-11,9.75,2026-10-05
204620,2,2026-09-08,20.38,2026-10-05
104830,4,2026-08-21,14.78,2026-10-05
042000,1,2026-05-22,17.52,2026-10-05
027360,0,,7.07,2026-10-05
439960,0,,0.0,2026-10-05
092730,3,2026-09-17,26.16,2026-10-05
475960,3,2026-08-19,2.03,2026-10-05
486990,1,2026-08-07,1.36,2026-10-05
095660,5,2026-08-14,20.81,2026-10-05
078130,0,,0.01,2026-10-05
013030,3,2026-09-17,29.85,2026-10-05
468530,1,2026-09-28,2.17,2026-10-05
219130,0,,6.03,2026-10-05
236200,3,2026-08-21,30.27,2026-10-05
089890,1,2026-07-22,1.63,2026-10-05
368770,1,2026-04-17,2.96,2026-10-05
389470,1,2026-04-14,10.67,2026-10-05
025900,0,,50.68,2026-10-05
241770,1,2026-09-09,3.42,2026-10-05
089010,1,2026-05-19,7.37,2026-10-05
078020,0,,2.46,2026-10-05
107640,1,2026-08-06,1.49,2026-10-05
372320,0,,1.4,2026-10-05
125490,3,2026-09-07,2.11,2026-10-05
215200,1,2026-05-28,26.38,2026-10-05
006910,0,,3.62,2026-10-05
025320,0,,1.3,2026-10-05
060280,1,2026-09-17,4.89,2026-10-05
003800,0,,1.76,2026-10-05
114810,2,2026-07-28,5.16,2026-10-05
215600,0,,2.43,2026-10-05
084110,0,,6.7,2026-10-05
101730,0,,9.21,2026-10-05
121440,0,,7.08,2026-10-05
078160,0,,2.46,2026-10-05
069080,2,2026-08-07,29.06,2026-10-05
206650,1,2026-07-09,6.14,2026-10-05
170920,3,2026-08-14,5.06,2026-10-05
098120,0,,17.42,2026-10-05
441270,2,2026-07-29,3.89,2026-10-05
200710,2,2026-08-21,2.7,2026-10-05
356680,0,,1.03,2026-10-05
036620,5,2026-07-08,14.88,2026-10-05
348210,3,2026-08-25,16.41,2026-10-05
092870,4,2026-09-10,8.96,2026-10-05
332570,2,2026-09-11,1.39,2026-10-05
033160,2,2026-09-11,12.81,2026-10-05
069540,0,,1.39,2026-10-05
036800,1,2026-05-28,28.73,2026-10-05
234340,5,2026-08-31,3.87,2026-10-05
393890,3,2026-06-19,2.54,2026-10-05
900290,0,,60.72,2026-10-05
067630,0,,5.55,2026-10-05
199800,0,,2.61,2026-10-05
352480,1,2026-09-03,0.44,2026-10-05
330860,2,2026-07-23,8.82,2026-10-05
472850,2,2026-08-04,0.8,2026-10-05
079370,1,2026-07-28,6.43,2026-10-05
101930,0,,0.88,2026-10-05
018000,0,,1.6,2026-10-05
455900,0,,2.03,2026-10-05
078350,0,,4.73,2026-10-05
110990,0,,6.77,2026-10-05
039440,0,,3.4,2026-10-05
093520,1,2026-09-14,32.9,2026-10-05
294570,1,2026-05-21,2.33,2026-10-05
290550,4,2026-09-16,4.83,2026-10-05
061970,0,,26.93,2026-10-05
017890,0,,25.84,2026-10-05
417840,5,2026-09-10,7.97,2026-10-05
092460,1,2026-04-14,0.76,2026-10-05
025770,1,2026-04-20,63.21,2026-10-05
091580,3,2026-09-30,4.21,2026-10-05
035810,1,2026-04-24,6.0,2026-10-05
168360,0,,2.48,2026-10-05
200670,3,2026-08-18,6.4,2026-10-05
117730,1,2026-09-23,2.13,2026-10-05
439090,0,,2.76,2026-10-05
035600,3,2026-07-24,7.78,2026-10-05
376270,2,2026-09-14,0.73,2026-10-05
036890,1,2026-09-08,14.05,2026-10-05
228760,1,2026-06-26,2.23,2026-10-05
123330,5,2026-09-04,4.9,2026-10-05
054950,5,2026-09-01,19.88,2026-10-05
265520,2,2026-08-10,15.36,2026-10-05
482630,5,2026-09-30,3.35,2026-10-05
138080,4,2026-09-16,3.7,2026-10-05
448900,1,2026-06-19,1.72,2026-10-05
051500,5,2026-08-07,18.41,2026-10-05
484590,1,2026-04-21,4.57,2026-10-05
287840,3,2026-09-16,4.76,2026-10-05
136480,1,2026-04-14,4.8,2026-10-05
043150,4,2026-08-12,21.51,2026-10-05
049070,1,2026-08-19,7.4,2026-10-05
377450,0,,1.15,2026-10-05
448280,0,,0.48,2026-10-05
042520,3,2026-09-30,6.68,2026-10-05
200130,0,,2.63,2026-10-05
098070,2,2026-09-16,3.4,2026-10-05
424870,0,,1.06,2026-10-05
481070,3,2026-09-10,2.08,2026-10-05
488900,0,,0.4,2026-10-05
099440,1,2026-06-26,3.3,2026-10-05
159010,1,2026-08-28,3.83,2026-10-05
389650,3,2026-06-19,1.74,2026-10-05
091700,1,2026-05-06,24.67,2026-10-05
036200,2,2026-04-20,17.61,2026-10-05
187660,0,,0.11,2026-10-05
151860,0,,2.87,2026-10-05
309710,0,,0.0,2026-10-05
011560,1,2026-08-20,13.4,2026-10-05
243070,0,,15.62,2026-10-05
182400,0,,0.0,2026-10-05
267980,1,2026-04-16,13.82,2026-10-05
160980,2,2026-09-17,7.36,2026-10-05
461300,1,2026-04-27,6.98,2026-10-05
121800,0,,1.54,2026-10-05
108860,0,,1.87,2026-10-05
200470,1,2026-04-27,3.91,2026-10-05
023410,0,,4.41,2026-10-05
377460,0,,0.02,2026-10-05
389500,2,2026-08-24,2.81,2026-10-05
060720,4,2026-09-30,7.48,2026-10-05
180400,1,2026-07-24,4.88,2026-10-05
024840,0,,4.55,2026-10-05
100120,4,2026-10-02,30.15,2026-10-05
394280,2,2026-07-03,3.09,2026-10-05
389260,1,2026-07-02,1.43,2026-10-05
094480,1,2026-09-08,2.21,2026-10-05
237880,2,2026-09-07,2.77,2026-10-05
089980,3,2026-08-18,3.98,2026-10-05
064820,0,,2.44,2026-10-05
071200,0,,13.13,2026-10-05
304360,4,2026-07-10,1.91,2026-10-05
365270,2,2026-08-10,1.96,2026-10-05
114190,1,2026-09-04,1.1,2026-10-05
047920,0,,0.0,2026-10-05
065680,0,,10.67,2026-10-05
378340,1,2026-06-10,2.01,2026-10-05
068930,3,2026-09-10,3.07,2026-10-05
0011T0,0,,2.29,2026-10-05
416180,1,2026-08-06,1.31,2026-10-05
043370,2,2026-09-11,14.99,2026-10-05
456010,5,2026-10-02,1.92,2026-10-05
0008Z0,1,2026-06-30,8.39,2026-10-05
065710,0,,1.82,2026-10-05
452430,3,2026-08-24,4.09,2026-10-05
298830,0,,4.66,2026-10-05
0001A0,2,2026-08-14,1.61,2026-10-05
243840,2,2026-08-19,6.31,2026-10-05
085910,0,,10.82,2026-10-05
053030,1,2026-09-16,6.84,2026-10-05
036030,1,2026-09-16,1.33,2026-10-05
215000,3,2026-08-07,15.5,2026-10-05
493280,1,2026-06-10,3.27,2026-10-05
445090,0,,1.85,2026-10-05
042370,0,,3.01,2026-10-05
094360,5,2026-08-04,2.22,2026-10-05
206640,0,,3.37,2026-10-05
061090,5,2026-10-01,2.17,2026-10-05
241520,0,,7.57,2026-10-05
254490,0,,3.27,2026-10-05
217730,1,2026-09-28,2.39,2026-10-05
073490,5,2026-09-16,7.32,2026-10-05
317330,3,2026-05-21,1.65,2026-10-05
950170,1,2026-09-16,17.24,2026-10-05
046970,0,,1.79,2026-10-05
086390,4,2026-08-18,9.02,2026-10-05
095500,0,,3.08,2026-10-05
045390,0,,4.23,2026-10-05
014940,1,2026-09-16,4.49,2026-10-05
058970,0,,2.39,2026-10-05
023760,0,,0.72,2026-10-05
0082N0,0,,4.16,2026-10-05
314930,0,,4.12,2026-10-05
290690,1,2026-04-10,2.29,2026-10-05
353810,0,,5.1,2026-10-05
475400,2,2026-05-04,1.94,2026-10-05
203650,0,,1.8,2026-10-05
019010,1,2026-05-07,0.42,2026-10-05
064550,1,2026-04-14,3.29,2026-10-05
005710,0,,15.49,2026-10-05
194700,3,2026-09-14,6.47,2026-10-05
099430,0,,3.01,2026-10-05
144510,2,2026-06-18,2.95,2026-10-05
462860,1,2026-09-17,0.98,2026-10-05
036710,0,,24.82,2026-10-05
067390,0,,0.0,2026-10-05
052330,1,2026-04-15,12.18,2026-10-05
484810,0,,1.22,2026-10-05
036190,0,,23.2,2026-10-05
112290,1,2026-07-14,3.2,2026-10-05
380540,0,,0.23,2026-10-05
194480,2,2026-08-31,2.63,2026-10-05
053300,0,,1.52,2026-10-05
304100,0,,2.61,2026-10-05
462350,1,2026-05-06,2.85,2026-10-05
012210,4,2026-08-06,0.47,2026-10-05
419530,5,2026-08-19,4.29,2026-10-05
450950,1,2026-09-10,0.87,2026-10-05
018310,0,,1.6,2026-10-05
084850,0,,2.64,2026-10-05
125020,1,2026-09-02,1.01,2026-10-05
484120,2,2026-07-07,0.95,2026-10-05
318060,2,2026-08-28,2.63,2026-10-05
067080,0,,0.58,2026-10-05
013120,0,,2.52,2026-10-05
102940,0,,2.6,2026-10-05
307180,0,,1.4,2026-10-05
452280,0,,0.91,2026-10-05
314130,1,2026-06-30,2.7,2026-10-05
446540,0,,37.17,2026-10-05
082800,1,2026-04-16,1.54,2026-10-05
272110,1,2026-05-22,6.82,2026-10-05
190510,1,2026-09-14,4.44,2026-10-05
214180,5,2026-08-11,15.03,2026-10-05
034810,0,,1.47,2026-10-05
036560,1,2026-07-24,4.11,2026-10-05
425040,0,,0.85,2026-10-05
459510,2,2026-09-22,0.8,2026-10-05
042420,0,,3.73,2026-10-05
039830,0,,6.31,2026-10-05
354320,0,,3.11,2026-10-05
066620,0,,13.63,2026-10-05
143240,0,,22.87,2026-10-05
115450,0,,2.81,2026-10-05
119830,0,,2.05,2026-10-05
016790,0,,2.38,2026-10-05
192440,1,2026-05-04,12.08,2026-10-05
388050,1,2026-08-06,0.85,2026-10-05
049430,0,,22.26,2026-10-05
064850,3,2026-07-22,9.73,2026-10-05
357550,0,,1.3,2026-10-05
222040,5,2026-09-07,3.77,2026-10-05
052710,3,2026-09-11,5.21,2026-10-05
204610,1,2026-08-06,3.45,2026-10-05
220100,2,2026-09-17,4.83,2026-10-05
094820,1,2026-07-20,3.61,2026-10-05
270660,1,2026-05-28,0.12,2026-10-05
126600,0,,0.87,2026-10-05
464080,0,,2.58,2026-10-05
078150,0,,0.79,2026-10-05
126700,3,2026-08-18,11.08,2026-10-05
402030,1,2026-04-29,0.82,2026-10-05
950140,1,2026-09-04,11.39,2026-10-05
216080,0,,2.35,2026-10-05
108380,0,,7.64,2026-10-05
260970,1,2026-09-22,4.76,2026-10-05
138610,1,2026-09-10,3.21,2026-10-05
054210,1,2026-08-10,7.12,2026-10-05
083310,0,,8.38,2026-10-05
086820,1,2026-09-07,2.23,2026-10-05
293780,1,2026-08-26,1.54,2026-10-05
143160,0,,2.0,2026-10-05
080160,0,,8.13,2026-10-05
0015G0,1,2026-06-26,6.55,2026-10-05
264850,0,,1.27,2026-10-05
176750,1,2026-04-29,0.8,2026-10-05
308430,1,2026-09-14,2.51,2026-10-05
083930,1,2026-09-17,5.26,2026-10-05
372170,0,,1.29,2026-10-05
092130,0,,9.76,2026-10-05
230240,5,2026-09-16,8.45,2026-10-05
355150,1,2026-04-28,15.34,2026-10-05
394800,1,2026-05-29,8.78,2026-10-05
134580,0,,2.88,2026-10-05
199820,0,,3.82,2026-10-05
179290,1,2026-06-29,6.21,2026-10-05
489460,0,,0.58,2026-10-05
126730,0,,0.57,2026-10-05
417030,0,,11.41,2026-10-05
382800,2,2026-04-24,4.95,2026-10-05
041920,1,2026-10-01,4.73,2026-10-05
038390,0,,6.93,2026-10-05
101970,0,,0.3,2026-10-05
245620,0,,0.47,2026-10-05
234690,1,2026-04-14,3.87,2026-10-05
086670,0,,4.12,2026-10-05
046120,1,2026-04-30,2.52,2026-10-05
256840,0,,1.35,2026-10-05
012860,0,,4.24,2026-10-05
049630,0,,0.1,2026-10-05
403850,0,,4.07,2026-10-05
068790,0,,4.59,2026-10-05
114840,1,2026-05-21,4.29,2026-10-05
475040,0,,0.1,2026-10-05
072870,1,2026-05-21,18.56,2026-10-05
123860,0,,3.95,2026-10-05
093190,1,2026-04-22,9.4,2026-10-05
199430,0,,1.33,2026-10-05
032620,1,2026-08-13,2.07,2026-10-05
023910,1,2026-08-26,20.08,2026-10-05
122990,1,2026-06-26,9.56,2026-10-05
118990,0,,1.99,2026-10-05
123410,2,2026-08-25,43.59,2026-10-05
042600,0,,4.79,2026-10-05
104480,0,,4.17,2026-10-05
066410,0,,0.5,2026-10-05
119610,3,2026-09-11,3.85,2026-10-05
382900,0,,3.01,2026-10-05
264450,1,2026-08-20,5.55,2026-10-05
024800,1,2026-08-07,1.3,2026-10-05
011040,0,,1.76,2026-10-05
263860,4,2026-08-06,26.87,2026-10-05
054800,1,2026-09-14,0.07,2026-10-05
032580,0,,38.68,2026-10-05
389020,1,2026-05-26,4.1,2026-10-05
405100,2,2026-09-01,4.48,2026-10-05
078070,0,,2.41,2026-10-05
046440,0,,4.62,2026-10-05
089600,3,2026-09-16,5.32,2026-10-05
093640,0,,0.01,2026-10-05
138360,0,,4.8,2026-10-05
023600,1,2026-04-24,3.99,2026-10-05
007330,0,,1.49,2026-10-05
187870,0,,6.87,2026-10-05
126640,0,,1.79,2026-10-05
300080,0,,10.14,2026-10-05
251370,1,2026-04-27,4.65,2026-10-05
041020,1,2026-09-22,3.27,2026-10-05
024060,0,,3.02,2026-10-05
092070,0,,5.46,2026-10-05
039840,5,2026-08-18,14.48,2026-10-05
065660,0,,4.28,2026-10-05
039860,0,,1.34,2026-10-05
049960,0,,4.25,2026-10-05
101360,1,2026-04-13,2.31,2026-10-05
289080,0,,0.87,2026-10-05
205500,1,2026-05-29,1.6,2026-10-05
445180,0,,6.91,2026-10-05
048870,0,,14.17,2026-10-05
051160,0,,24.98,2026-10-05
054450,3,2026-08-07,2.21,2026-10-05
331920,0,,0.9,2026-10-05
418550,0,,2.16,2026-10-05
265740,4,2026-09-18,3.29,2026-10-05
413630,1,2026-06-22,0.47,2026-10-05
051370,1,2026-05-29,6.05,2026-10-05
005990,1,2026-04-16,1.28,2026-10-05
013990,1,2026-08-20,4.12,2026-10-05
001540,0,,3.95,2026-10-05
079960,1,2026-04-20,7.56,2026-10-05
060150,0,,3.69,2026-10-05
274090,1,2026-09-17,2.44,2026-10-05
067280,1,2026-08-21,4.21,2026-10-05
153890,0,,1.0,2026-10-05
293580,0,,2.31,2026-10-05
088800,1,2026-08-06,0.0,2026-10-05
005160,1,2026-06-01,1.28,2026-10-05
494120,5,2026-07-23,6.4,2026-10-05
340450,1,2026-05-27,3.3,2026-10-05
147830,0,,4.84,2026-10-05
036170,0,,3.25,2026-10-05
148150,0,,1.59,2026-10-05
408920,2,2026-08-28,3.05,2026-10-05
469610,1,2026-08-28,1.23,2026-10-05
035080,0,,2.36,2026-10-05
086890,0,,1.52,2026-10-05
003100,1,2026-07-31,8.0,2026-10-05
038290,1,2026-09-28,4.14,2026-10-05
334970,0,,41.53,2026-10-05
084990,0,,3.46,2026-10-05
255220,0,,4.09,2026-10-05
226590,0,,2.5,2026-10-05
035610,0,,1.18,2026-10-05
338840,1,2026-06-12,6.48,2026-10-05
069510,0,,58.03,2026-10-05
047770,0,,2.34,2026-10-05
041520,0,,2.79,2026-10-05
489500,1,2026-05-21,2.42,2026-10-05
115310,0,,8.69,2026-10-05
140670,0,,5.66,2026-10-05
474650,1,2026-08-26,5.36,2026-10-05
264660,1,2026-07-15,2.88,2026-10-05
049720,2,2026-06-02,3.62,2026-10-05
136540,0,,8.29,2026-10-05
473980,2,2026-09-17,2.08,2026-10-05
417010,0,,0.88,2026-10-05
457550,1,2026-04-13,2.96,2026-10-05
322510,0,,1.34,2026-10-05
080420,0,,0.07,2026-10-05
432720,0,,2.04,2026-10-05
394420,2,2026-08-18,3.96,2026-10-05
0088M0,0,,4.39,2026-10-05
321550,1,2026-04-13,3.36,2026-10-05
108230,0,,2.52,2026-10-05
009780,0,,2.08,2026-10-05
0039P0,1,2026-09-01,0.84,2026-10-05
102120,0,,4.36,2026-10-05
094840,0,,14.6,2026-10-05
285490,1,2026-04-17,4.63,2026-10-05
146320,1,2026-07-15,3.71,2026-10-05
086980,0,,1.94,2026-10-05
0015N0,3,2026-09-08,5.01,2026-10-05
192410,1,2026-07-21,0.02,2026-10-05
220260,1,2026-09-28,2.8,2026-10-05
388790,1,2026-06-05,1.09,2026-10-05
240550,0,,1.64,2026-10-05
361390,1,2026-05-06,20.79,2026-10-05
036690,0,,0.21,2026-10-05
048550,0,,2.81,2026-10-05
267320,0,,1.05,2026-10-05
095700,1,2026-07-31,3.37,2026-10-05
142210,1,2026-06-02,3.22,2026-10-05
211270,0,,2.25,2026-10-05
297890,0,,1.89,2026-10-05
052260,1,2026-04-17,3.57,2026-10-05
056090,0,,2.38,2026-10-05
950190,0,,30.77,2026-10-05
322310,1,2026-04-22,8.44,2026-10-05
149950,0,,2.02,2026-10-05
095190,0,,1.16,2026-10-05
307750,0,,1.31,2026-10-05
122450,1,2026-05-19,2.22,2026-10-05
032940,0,,1.3,2026-10-05
027710,1,2026-09-02,1.78,2026-10-05
008830,1,2026-09-22,5.69,2026-10-05
458650,1,2026-06-23,1.24,2026-10-05
232680,0,,4.3,2026-10-05
212560,1,2026-09-21,1.56,2026-10-05
021320,0,,2.83,2026-10-05
228850,2,2026-08-12,3.41,2026-10-05
073010,0,,2.86,2026-10-05
0007C0,1,2026-07-20,2.87,2026-10-05
282880,4,2026-09-04,2.28,2026-10-05
418420,1,2026-04-27,3.08,2026-10-05
163730,2,2026-09-10,3.07,2026-10-05
299030,2,2026-08-24,1.31,2026-10-05
189330,2,2026-08-07,2.07,2026-10-05
474170,3,2026-08-06,4.12,2026-10-05
040350,0,,0.06,2026-10-05
041440,0,,3.34,2026-10-05
396300,0,,1.22,2026-10-05
452450,1,2026-09-04,1.39,2026-10-05
451760,2,2026-09-14,3.84,2026-10-05
106190,0,,46.1,2026-10-05
417500,0,,6.4,2026-10-05
478340,1,2026-05-06,1.94,2026-10-05
059120,0,,2.28,2026-10-05
053080,0,,1.54,2026-10-05
067290,0,,2.1,2026-10-05
308080,1,2026-09-16,2.07,2026-10-05
475230,0,,5.15,2026-10-05
339950,1,2026-06-10,1.8,2026-10-05
049520,0,,5.99,2026-10-05
158430,0,,1.84,2026-10-05
063570,0,,2.44,2026-10-05
333430,0,,0.95,2026-10-05
366030,0,,0.65,2026-10-05
041590,0,,1.55,2026-10-05
402490,0,,6.3,2026-10-05
037070,0,,1.14,2026-10-05
090850,1,2026-09-17,16.4,2026-10-05
256940,1,2026-07-24,2.86,2026-10-05
038540,0,,3.61,2026-10-05
037350,0,,4.71,2026-10-05
453450,1,2026-09-10,1.36,2026-10-05
036630,0,,0.29,2026-10-05
217270,0,,1.85,2026-10-05
017510,0,,5.68,2026-10-05
259630,1,2026-05-28,5.28,2026-10-05
330350,0,,1.51,2026-10-05
488280,1,2026-06-26,1.85,2026-10-05
246710,0,,2.63,2026-10-05
101170,0,,3.54,2026-10-05
054920,0,,0.81,2026-10-05
242040,1,2026-04-22,5.03,2026-10-05
067900,0,,3.71,2026-10-05
115500,0,,0.7,2026-10-05
297090,1,2026-09-10,2.38,2026-10-05
047310,0,,5.7,2026-10-05
311320,1,2026-09-30,4.06,2026-10-05
054050,1,2026-07-27,2.02,2026-10-05
021080,0,,8.26,2026-10-05
290720,0,,0.34,2026-10-05
018120,1,2026-09-22,0.54,2026-10-05
141000,0,,4.59,2026-10-05
067990,0,,3.85,2026-10-05
123040,0,,1.06,2026-10-05
120240,0,,2.92,2026-10-05
039340,0,,1.18,2026-10-05
105330,0,,1.52,2026-10-05
166480,0,,1.51,2026-10-05
109740,0,,1.08,2026-10-05
059210,2,2026-06-23,5.44,2026-10-05
310200,0,,2.53,2026-10-05
053700,0,,0.03,2026-10-05
052860,0,,2.77,2026-10-05
051980,0,,0.29,2026-10-05
063170,0,,2.03,2026-10-05
474610,3,2026-09-17,8.57,2026-10-05
051360,0,,16.26,2026-10-05
336680,0,,0.78,2026-10-05
073560,0,,3.89,2026-10-05
100700,0,,2.95,2026-10-05
042510,3,2026-08-27,1.35,2026-10-05
039560,0,,5.74,2026-10-05
066590,0,,1.87,2026-10-05
475580,1,2026-05-28,1.65,2026-10-05
396470,1,2026-06-23,2.8,2026-10-05
338220,0,,2.05,2026-10-05
131030,0,,4.13,2026-10-05
042500,0,,4.92,2026-10-05
290740,4,2026-08-26,11.54,2026-10-05
309960,0,,1.85,2026-10-05
074430,0,,2.34,2026-10-05
071280,2,2026-09-03,47.51,2026-10-05
362320,0,,0.03,2026-10-05
298540,1,2026-08-07,8.54,2026-10-05
079650,0,,0.3,2026-10-05
053260,0,,0.94,2026-10-05
357880,0,,0.31,2026-10-05
307930,0,,1.08,2026-10-05
006620,0,,1.47,2026-10-05
086710,3,2026-09-16,1.92,2026-10-05
487400,0,,0.66,2026-10-05
246720,0,,1.07,2026-10-05
036220,0,,1.08,2026-10-05
380550,1,2026-05-27,5.81,2026-10-05
250060,0,,3.79,2026-10-05
005860,0,,2.74,2026-10-05
352090,1,2026-06-19,1.6,2026-10-05
083500,2,2026-09-16,15.63,2026-10-05
002230,1,2026-08-03,8.29,2026-10-05
066790,0,,0.31,2026-10-05
387690,0,,1.22,2026-10-05
052420,0,,0.01,2026-10-05
068240,0,,5.16,2026-10-05
040300,0,,0.2,2026-10-05
049950,0,,3.23,2026-10-05
088130,0,,10.6,2026-10-05
047560,0,,3.87,2026-10-05
205100,0,,5.6,2026-10-05
036010,1,2026-04-17,20.45,2026-10-05
493330,2,2026-08-06,1.71,2026-10-05
348350,0,,2.44,2026-10-05
017650,0,,3.48,2026-10-05
255440,1,2026-09-30,5.73,2026-10-05
129920,3,2026-09-28,7.6,2026-10-05
013310,1,2026-04-17,3.14,2026-10-05
217820,0,,2.71,2026-10-05
091440,0,,0.47,2026-10-05
282720,2,2026-09-10,1.23,2026-10-05
052460,0,,7.19,2026-10-05
125210,3,2026-09-21,6.73,2026-10-05
235980,1,2026-09-11,4.52,2026-10-05
109610,1,2026-06-26,2.1,2026-10-05
172670,0,,7.83,2026-10-05
323990,0,,5.13,2026-10-05
452190,1,2026-04-24,0.82,2026-10-05
107600,0,,2.11,2026-10-05
156100,0,,5.77,2026-10-05
306620,0,,2.41,2026-10-05
053580,3,2026-09-16,2.58,2026-10-05
357230,1,2026-05-21,1.01,2026-10-05
317770,0,,2.72,2026-10-05
187790,1,2026-09-16,2.21,2026-10-05
078140,1,2026-09-28,4.91,2026-10-05
209640,1,2026-09-04,2.4,2026-10-05
040420,0,,4.38,2026-10-05
093920,0,,3.59,2026-10-05
023900,0,,1.46,2026-10-05
226400,2,2026-08-03,6.72,2026-10-05
443670,1,2026-09-30,1.27,2026-10-05
413390,0,,1.72,2026-10-05
419050,0,,1.44,2026-10-05
263720,2,2026-08-24,1.5,2026-10-05
099750,1,2026-09-17,0.87,2026-10-05
322180,0,,2.3,2026-10-05
063080,1,2026-04-24,2.09,2026-10-05
029480,0,,0.73,2026-10-05
330730,0,,2.14,2026-10-05
950130,0,,4.94,2026-10-05
149980,0,,1.15,2026-10-05
025950,0,,0.87,2026-10-05
182360,0,,3.01,2026-10-05
009300,0,,2.82,2026-10-05
064800,0,,3.47,2026-10-05
089230,0,,0.56,2026-10-05
048530,0,,2.4,2026-10-05
289930,1,2026-09-04,6.85,2026-10-05
221800,1,2026-06-23,2.35,2026-10-05
032300,0,,1.31,2026-10-05
096240,0,,2.55,2026-10-05
044990,1,2026-06-11,2.68,2026-10-05
004650,0,,1.86,2026-10-05
086960,0,,0.9,2026-10-05
478560,1,2026-06-18,1.52,2026-10-05
432470,0,,0.6,2026-10-05
053350,0,,1.64,2026-10-05
058820,0,,6.05,2026-10-05
282620,0,,2.43,2026-10-05
072020,0,,2.36,2026-10-05
307870,0,,0.58,2026-10-05
337930,1,2026-06-19,4.7,2026-10-05
950220,0,,1.06,2026-10-05
130580,0,,44.79,2026-10-05
223250,0,,49.47,2026-10-05
033290,0,,0.0,2026-10-05
054540,0,,4.92,2026-10-05
201490,1,2026-07-24,1.44,2026-10-05
037030,1,2026-05-06,7.3,2026-10-05
302550,0,,0.0,2026-10-05
066980,0,,1.36,2026-10-05
290660,0,,0.0,2026-10-05
091120,0,,5.55,2026-10-05
019550,0,,5.74,2026-10-05
065450,0,,0.8,2026-10-05
049180,0,,1.68,2026-10-05
090470,0,,1.25,2026-10-05
215100,0,,2.27,2026-10-05
183490,0,,2.87,2026-10-05
418470,1,2026-05-21,7.21,2026-10-05
040160,0,,28.15,2026-10-05
950250,0,,0.0,2026-10-05
104460,0,,3.41,2026-10-05
137950,0,,4.73,2026-10-05
185490,0,,1.39,2026-10-05
487580,0,,6.51,2026-10-05
102370,0,,1.26,2026-10-05
0155E0,0,,0.81,2026-10-05
054670,0,,0.13,2026-10-05
038680,0,,4.55,2026-10-05
045970,0,,5.34,2026-10-05
007820,0,,2.73,2026-10-05
066430,0,,3.38,2026-10-05
270520,0,,1.54,2026-10-05
040910,0,,3.09,2026-10-05
038110,0,,1.88,2026-10-05
067000,0,,2.12,2026-10-05
217190,2,2026-06-30,6.29,2026-10-05
175250,0,,1.46,2026-10-05
198440,0,,0.67,2026-10-05
036640,1,2026-09-30,3.02,2026-10-05
100130,1,2026-04-13,1.94,2026-10-05
412540,0,,0.77,2026-10-05
463020,1,2026-05-20,3.27,2026-10-05
0017J0,1,2026-09-11,2.71,2026-10-05
115440,2,2026-09-23,2.2,2026-10-05
101330,0,,3.39,2026-10-05
078890,0,,7.68,2026-10-05
214680,0,,0.0,2026-10-05
131370,0,,19.18,2026-10-05
365330,0,,4.76,2026-10-05
451250,0,,1.25,2026-10-05
105740,0,,3.75,2026-10-05
0011A0,1,2026-06-09,1.26,2026-10-05
066700,0,,2.07,2026-10-05
045660,0,,5.92,2026-10-05
079810,0,,2.01,2026-10-05
053280,1,2026-06-05,1.3,2026-10-05
012700,0,,2.42,2026-10-05
263800,0,,2.51,2026-10-05
039980,0,,0.05,2026-10-05
251120,1,2026-09-17,10.83,2026-10-05
011370,0,,4.05,2026-10-05
389030,0,,3.49,2026-10-05
037760,0,,0.35,2026-10-05
381620,0,,1.84,2026-10-05
124560,1,2026-05-14,3.04,2026-10-05
065510,0,,3.01,2026-10-05
475430,1,2026-06-22,3.09,2026-10-05
058400,0,,0.0,2026-10-05
347890,1,2026-04-22,0.97,2026-10-05
058630,0,,10.81,2026-10-05
067170,0,,3.21,2026-10-05
024880,0,,4.11,2026-10-05
076610,0,,0.72,2026-10-05
382840,0,,1.85,2026-10-05
033560,0,,1.52,2026-10-05
253840,0,,2.83,2026-10-05
205470,0,,0.0,2026-10-05
091590,0,,0.94,2026-10-05
080010,1,2026-07-08,5.1,2026-10-05
265560,1,2026-06-26,1.48,2026-10-05
214260,0,,0.0,2026-10-05
351320,0,,4.31,2026-10-05
047820,0,,0.0,2026-10-05
073640,0,,0.57,2026-10-05
225530,0,,0.6,2026-10-05
0218L0,0,,16.03,2026-10-05
900260,0,,57.51,2026-10-05
371950,0,,1.63,2026-10-05
483350,0,,1.38,2026-10-05
234300,1,2026-07-16,1.81,2026-10-05
900300,0,,0.0,2026-10-05
173130,1,2026-04-17,4.85,2026-10-05
067370,1,2026-04-17,0.36,2026-10-05
208140,1,2026-04-21,1.91,2026-10-05
128660,0,,1.74,2026-10-05
246960,2,2026-08-28,0.56,2026-10-05
212710,4,2026-08-14,7.17,2026-10-05
389140,0,,1.77,2026-10-05
170030,1,2026-09-28,4.73,2026-10-05
060590,0,,1.83,2026-10-05
0156T0,0,,1.52,2026-10-05
052900,1,2026-06-26,6.94,2026-10-05
294630,0,,0.74,2026-10-05
041930,0,,1.42,2026-10-05
094860,0,,62.51,2026-10-05
004590,0,,4.25,2026-10-05
048910,2,2026-09-17,2.58,2026-10-05
017480,0,,3.91,2026-10-05
084730,0,,2.92,2026-10-05
377480,0,,0.7,2026-10-05
204840,1,2026-04-17,0.96,2026-10-05
011320,0,,2.4,2026-10-05
217330,0,,1.53,2026-10-05
085670,0,,2.64,2026-10-05
088390,1,2026-04-15,0.81,2026-10-05
234030,1,2026-08-28,2.5,2026-10-05
019540,0,,7.84,2026-10-05
096350,0,,2.92,2026-10-05
142280,0,,1.28,2026-10-05
010280,2,2026-08-18,0.0,2026-10-05
303810,1,2026-09-10,0.83,2026-10-05
054040,0,,2.11,2026-10-05
171120,1,2026-10-02,2.98,2026-10-05
020710,0,,1.26,2026-10-05
360070,0,,0.02,2026-10-05
041910,0,,1.65,2026-10-05
024830,0,,1.8,2026-10-05
000440,0,,3.24,2026-10-05
302430,1,2026-07-31,0.78,2026-10-05
030960,0,,0.96,2026-10-05
0117P0,0,,1.94,2026-10-05
228670,1,2026-05-15,0.01,2026-10-05
067570,0,,1.05,2026-10-05
234920,0,,0.51,2026-10-05
332370,1,2026-09-30,1.16,2026-10-05
012790,0,,2.94,2026-10-05
261780,0,,0.0,2026-10-05
0015S0,1,2026-08-28,1.66,2026-10-05
083790,0,,2.09,2026-10-05
066310,0,,8.14,2026-10-05
104040,1,2026-08-28,0.52,2026-10-05
033130,0,,1.29,2026-10-05
006140,0,,2.52,2026-10-05
347000,0,,2.39,2026-10-05
277880,0,,2.89,2026-10-05
140070,1,2026-05-28,1.69,2026-10-05
331380,0,,1.02,2026-10-05
054620,0,,2.59,2026-10-05
153710,0,,0.8,2026-10-05
096250,1,2026-05-29,0.03,2026-10-05
417790,1,2026-06-15,4.23,2026-10-05
417970,1,2026-04-28,3.28,2026-10-05
061250,0,,0.02,2026-10-05
049080,0,,0.0,2026-10-05
026150,0,,2.05,2026-10-05
002800,1,2026-09-28,3.51,2026-10-05
072950,0,,1.23,2026-10-05
024740,0,,5.19,2026-10-05
460940,1,2026-06-19,1.74,2026-10-05
388870,0,,1.61,2026-10-05
038460,0,,7.33,2026-10-05
175140,0,,1.47,2026-10-05
451220,1,2026-06-30,4.07,2026-10-05
196490,0,,1.03,2026-10-05
043610,2,2026-10-01,1.08,2026-10-05
162300,0,,2.07,2026-10-05
457600,1,2026-06-23,3.63,2026-10-05
0007J0,0,,0.82,2026-10-05
950200,0,,0.0,2026-10-05
092040,0,,3.09,2026-10-05
049550,1,2026-04-24,0.79,2026-10-05
048430,1,2026-09-28,1.67,2026-10-05
110790,0,,0.76,2026-10-05
041460,0,,2.94,2026-10-05
457370,0,,1.39,2026-10-05
137080,1,2026-08-28,2.14,2026-10-05
100030,0,,1.31,2026-10-05
081150,1,2026-09-30,6.05,2026-10-05
222110,0,,7.24,2026-10-05
331740,1,2026-04-10,2.19,2026-10-05
179530,0,,1.39,2026-10-05
109860,1,2026-07-03,0.0,2026-10-05
439580,0,,1.49,2026-10-05
036000,0,,1.44,2026-10-05
136150,1,2026-09-17,0.46,2026-10-05
032850,0,,4.41,2026-10-05
456070,0,,2.64,2026-10-05
168330,0,,1.21,2026-10-05
123420,0,,4.11,2026-10-05
014970,0,,1.33,2026-10-05
396270,0,,2.19,2026-10-05
111710,1,2026-09-22,1.48,2026-10-05
318160,1,2026-09-10,4.47,2026-10-05
321370,0,,4.22,2026-10-05
004780,0,,2.89,2026-10-05
061040,0,,0.0,2026-10-05
032540,0,,0.6,2026-10-05
039010,0,,2.98,2026-10-05
382480,0,,3.19,2026-10-05
411080,0,,1.15,2026-10-05
147760,0,,4.69,2026-10-05
365660,0,,0.63,2026-10-05
005670,1,2026-04-10,2.83,2026-10-05
216050,0,,5.72,2026-10-05
424960,0,,3.62,2026-10-05
043650,1,2026-04-13,1.36,2026-10-05
241690,0,,1.57,2026-10-05
039420,0,,10.47,2026-10-05
443250,0,,1.33,2026-10-05
303360,1,2026-06-16,2.02,2026-10-05
070300,0,,4.02,2026-10-05
062970,0,,1.54,2026-10-05
208370,0,,2.35,2026-10-05
122350,1,2026-09-28,2.84,2026-10-05
299660,0,,1.1,2026-10-05
010240,0,,6.54,2026-10-05
039020,0,,1.26,2026-10-05
448710,1,2026-04-15,4.64,2026-10-05
064240,0,,1.59,2026-10-05
054300,0,,0.61,2026-10-05
060310,0,,2.62,2026-10-05
001840,0,,0.58,2026-10-05
187420,0,,0.99,2026-10-05
059270,0,,5.12,2026-10-05
412350,0,,4.94,2026-10-05
044340,0,,1.36,2026-10-05
094850,0,,2.55,2026-10-05
294090,0,,20.9,2026-10-05
049470,0,,23.81,2026-10-05
082210,2,2026-08-07,9.74,2026-10-05
100590,2,2026-05-06,3.17,2026-10-05
420570,2,2026-07-28,1.74,2026-10-05
320000,0,,0.4,2026-10-05
419080,0,,0.02,2026-10-05
033320,0,,4.11,2026-10-05
323350,1,2026-06-23,6.42,2026-10-05
065170,0,,1.35,2026-10-05
016250,0,,1.61,2026-10-05
459550,1,2026-06-22,0.57,2026-10-05
357580,2,2026-04-16,2.95,2026-10-05
203400,0,,4.49,2026-10-05
155650,0,,4.07,2026-10-05
050960,0,,1.4,2026-10-05
291230,0,,35.81,2026-10-05
067920,0,,4.1,2026-10-05
037440,0,,6.3,2026-10-05
333620,0,,0.82,2026-10-05
008370,0,,1.25,2026-10-05
191420,0,,1.44,2026-10-05
214270,0,,0.0,2026-10-05
003310,1,2026-04-17,9.25,2026-10-05
089850,0,,3.49,2026-10-05
294140,0,,1.36,2026-10-05
0004V0,2,2026-07-27,5.81,2026-10-05
348150,0,,2.66,2026-10-05
049480,0,,5.56,2026-10-05
464490,0,,4.22,2026-10-05
053620,1,2026-04-22,1.16,2026-10-05
039610,1,2026-07-24,1.04,2026-10-05
033230,1,2026-04-23,5.45,2026-10-05
126880,0,,2.22,2026-10-05
045340,0,,8.52,2026-10-05
352910,1,2026-04-15,0.69,2026-10-05
263600,0,,1.39,2026-10-05
036090,0,,1.04,2026-10-05
226340,1,2026-04-17,0.0,2026-10-05
095270,1,2026-04-23,5.61,2026-10-05
215360,0,,2.92,2026-10-05
065530,0,,0.65,2026-10-05
024910,0,,3.04,2026-10-05
066670,0,,0.93,2026-10-05
460870,1,2026-06-25,2.28,2026-10-05
027050,0,,3.21,2026-10-05
099520,0,,0.93,2026-10-05
459100,2,2026-06-22,4.66,2026-10-05
273640,0,,2.19,2026-10-05
033310,0,,1.43,2026-10-05
053160,0,,0.66,2026-10-05
007370,0,,2.93,2026-10-05
014470,0,,1.35,2026-10-05
263690,0,,15.63,2026-10-05
024950,0,,2.12,2026-10-05
228340,1,2026-09-10,0.61,2026-10-05
347860,0,,6.17,2026-10-05
010470,0,,4.11,2026-10-05
408470,0,,4.52,2026-10-05
025550,0,,4.41,2026-10-05
042110,0,,54.29,2026-10-05
241790,0,,3.05,2026-10-05
053270,0,,1.88,2026-10-05
054930,0,,2.84,2026-10-05
288180,0,,1.49,2026-10-05
370090,0,,7.6,2026-10-05
036670,0,,3.04,2026-10-05
040610,0,,2.86,2026-10-05
097800,0,,1.67,2026-10-05
251630,0,,1.41,2026-10-05
036120,0,,1.56,2026-10-05
053050,0,,3.78,2026-10-05
340930,0,,1.68,2026-10-05
046940,0,,5.87,2026-10-05
347740,0,,1.26,2026-10-05
452400,0,,1.42,2026-10-05
104620,0,,1.71,2026-10-05
217480,0,,1.68,2026-10-05
225190,0,,0.11,2026-10-05
453860,0,,12.99,2026-10-05
435570,2,2026-09-14,0.78,2026-10-05
192250,0,,3.2,2026-10-05
104540,0,,2.72,2026-10-05
080720,0,,0.06,2026-10-05
105760,0,,3.38,2026-10-05
262260,0,,4.1,2026-10-05
088910,1,2026-09-22,5.8,2026-10-05
060570,0,,2.16,2026-10-05
311690,0,,2.65,2026-10-05
117670,0,,0.91,2026-10-05
170790,2,2026-09-08,4.53,2026-10-05
291650,0,,20.18,2026-10-05
056360,0,,2.84,2026-10-05
094940,0,,2.4,2026-10-05
314140,1,2026-09-04,1.78,2026-10-05
238090,1,2026-09-18,1.03,2026-10-05
039240,0,,2.59,2026-10-05
092300,0,,6.6,2026-10-05
027830,0,,3.68,2026-10-05
317530,0,,0.25,2026-10-05
376290,0,,70.37,2026-10-05
217500,0,,3.57,2026-10-05
299170,0,,1.12,2026-10-05
046210,0,,1.39,2026-10-05
0013V0,1,2026-06-24,1.99,2026-10-05
317830,0,,4.61,2026-10-05
256630,0,,0.56,2026-10-05
043710,0,,0.28,2026-10-05
219550,0,,5.77,2026-10-05
019990,0,,11.76,2026-10-05
015710,0,,1.82,2026-10-05
391710,0,,0.47,2026-10-05
315640,0,,2.39,2026-10-05
071670,0,,2.18,2026-10-05
463480,0,,1.37,2026-10-05
060560,1,2026-04-14,1.71,2026-10-05
393970,0,,3.86,2026-10-05
246690,0,,0.36,2026-10-05
260930,0,,3.48,2026-10-05
014950,2,2026-08-14,0.87,2026-10-05
340810,1,2026-06-16,4.34,2026-10-05
038010,0,,4.4,2026-10-05
109080,0,,2.24,2026-10-05
317850,0,,2.9,2026-10-05
122310,0,,1.88,2026-10-05
037950,0,,0.42,2026-10-05
317690,0,,18.64,2026-10-05
068330,0,,2.93,2026-10-05
179900,0,,9.69,2026-10-05
199550,0,,1.46,2026-10-05
063440,1,2026-04-27,1.88,2026-10-05
053450,1,2026-09-30,6.17,2026-10-05
440290,0,,0.9,2026-10-05
145170,0,,0.94,2026-10-05
321260,0,,6.69,2026-10-05
065130,0,,4.38,2026-10-05
053980,1,2026-09-16,2.19,2026-10-05
143540,0,,2.17,2026-10-05
418250,0,,0.62,2026-10-05
099410,0,,3.45,2026-10-05
340360,0,,0.72,2026-10-05
384470,2,2026-09-23,4.04,2026-10-05
023440,0,,1.5,2026-10-05
317870,1,2026-09-16,3.84,2026-10-05
471820,1,2026-06-25,0.6,2026-10-05
072470,0,,1.67,2026-10-05
361570,0,,4.21,2026-10-05
129890,0,,2.04,2026-10-05
227950,0,,0.49,2026-10-05
476040,1,2026-09-14,7.07,2026-10-05
136410,1,2026-09-30,2.79,2026-10-05
094970,0,,4.85,2026-10-05
163280,0,,3.24,2026-10-05
051390,0,,2.3,2026-10-05
229000,0,,1.93,2026-10-05
198080,0,,3.4,2026-10-05
081180,2,2026-05-29,5.45,2026-10-05
224110,0,,3.77,2026-10-05
189980,0,,2.16,2026-10-05
072990,0,,7.2,2026-10-05
286750,0,,3.59,2026-10-05
048770,0,,1.14,2026-10-05
127710,0,,0.05,2026-10-05
114450,0,,2.35,2026-10-05
277070,0,,1.12,2026-10-05
307280,0,,2.58,2026-10-05
159580,0,,2.47,2026-10-05
382150,1,2026-06-11,1.82,2026-10-05
052790,0,,53.49,2026-10-05
066130,1,2026-04-10,1.89,2026-10-05
189860,0,,1.86,2026-10-05
050120,0,,2.82,2026-10-05
178780,0,,1.08,2026-10-05
461030,2,2026-05-28,5.64,2026-10-05
288330,0,,51.78,2026-10-05
208860,0,,0.0,2026-10-05
0010V0,1,2026-06-09,0.92,2026-10-05
190650,0,,1.44,2026-10-05
373200,0,,1.2,2026-10-05
073110,0,,0.95,2026-10-05
007680,0,,0.56,2026-10-05
466410,0,,2.68,2026-10-05
261520,1,2026-08-05,1.28,2026-10-05
082850,0,,2.24,2026-10-05
083550,0,,2.18,2026-10-05
258610,0,,1.32,2026-10-05
263020,0,,5.16,2026-10-05
218150,1,2026-04-15,3.18,2026-10-05
460470,0,,1.26,2026-10-05
355690,1,2026-06-05,2.85,2026-10-05
479960,0,,1.76,2026-10-05
059100,0,,8.22,2026-10-05
131400,0,,1.69,2026-10-05
065500,1,2026-07-24,4.29,2026-10-05
199480,1,2026-06-11,7.05,2026-10-05
424980,0,,4.28,2026-10-05
037230,1,2026-09-14,1.97,2026-10-05
150900,2,2026-06-17,7.01,2026-10-05
373160,2,2026-09-04,0.7,2026-10-05
273060,1,2026-09-16,12.14,2026-10-05
123010,0,,0.0,2026-10-05
238120,0,,2.27,2026-10-05
140520,0,,0.92,2026-10-05
450330,1,2026-04-13,1.05,2026-10-05
089790,0,,9.9,2026-10-05
196300,0,,1.27,2026-10-05
014190,0,,4.12,2026-10-05
002290,0,,5.0,2026-10-05
222420,0,,3.65,2026-10-05
052220,0,,2.65,2026-10-05
189690,0,,1.48,2026-10-05
084650,0,,0.0,2026-10-05
072770,0,,0.36,2026-10-05
900250,0,,22.69,2026-10-05
043910,0,,1.04,2026-10-05
038070,0,,1.87,2026-10-05
056700,0,,1.62,2026-10-05
042940,1,2026-06-26,0.04,2026-10-05
234100,0,,0.0,2026-10-05
086060,0,,2.21,2026-10-05
413640,1,2026-06-18,2.62,2026-10-05
038060,0,,5.45,2026-10-05
290670,0,,1.51,2026-10-05
256150,0,,1.75,2026-10-05
263810,0,,1.28,2026-10-05
088280,1,2026-07-03,20.58,2026-10-05
278650,0,,0.15,2026-10-05
033340,0,,2.64,2026-10-05
261200,0,,3.28,2026-10-05
101240,0,,15.28,2026-10-05
043340,0,,0.61,2026-10-05
086040,0,,2.1,2026-10-05
452200,0,,1.73,2026-10-05
104200,0,,2.35,2026-10-05
064090,0,,1.7,2026-10-05
097870,0,,2.11,2026-10-05
025880,1,2026-04-23,13.39,2026-10-05
066900,0,,0.3,2026-10-05
046310,0,,3.9,2026-10-05
171010,0,,3.69,2026-10-05
122690,0,,1.53,2026-10-05
049830,1,2026-09-04,0.9,2026-10-05
153460,0,,0.0,2026-10-05
060850,0,,1.3,2026-10-05
044960,0,,2.09,2026-10-05
019770,0,,1.78,2026-10-05
250000,0,,2.25,2026-10-05
219420,1,2026-09-18,4.2,2026-10-05
221840,0,,1.3,2026-10-05
100660,0,,1.7,2026-10-05
014570,0,,2.92,2026-10-05
051490,1,2026-08-07,2.37,2026-10-05
263770,0,,1.3,2026-10-05
186230,1,2026-05-29,1.86,2026-10-05
177900,3,2026-06-11,3.25,2026-10-05
042040,1,2026-07-24,0.01,2026-10-05
090410,0,,0.01,2026-10-05
321820,0,,1.21,2026-10-05
065440,0,,8.95,2026-10-05
221980,0,,1.47,2026-10-05
184230,0,,0.02,2026-10-05
369370,0,,6.45,2026-10-05
057540,0,,1.17,2026-10-05
263700,0,,2.46,2026-10-05
208710,0,,4.34,2026-10-05
050860,1,2026-07-10,1.06,2026-10-05
016600,0,,0.03,2026-10-05
123570,0,,27.64,2026-10-05
046390,0,,0.69,2026-10-05
318410,0,,2.47,2026-10-05
352700,0,,1.45,2026-10-05
397810,0,,1.32,2026-10-05
475460,1,2026-05-28,3.24,2026-10-05
215380,0,,7.93,2026-10-05
387570,1,2026-07-31,1.09,2026-10-05
290120,0,,0.77,2026-10-05
006920,0,,2.34,2026-10-05
260660,0,,4.07,2026-10-05
173940,2,2026-05-19,1.52,2026-10-05
045060,0,,3.38,2026-10-05
284620,0,,9.84,2026-10-05
024120,0,,6.88,2026-10-05
393210,0,,1.23,2026-10-05
196450,0,,1.34,2026-10-05
052600,0,,2.21,2026-10-05
068940,0,,1.77,2026-10-05
204020,1,2026-04-24,2.1,2026-10-05
408900,0,,3.1,2026-10-05
035460,1,2026-08-07,5.54,2026-10-05
332290,0,,0.0,2026-10-05
203450,0,,8.49,2026-10-05
206400,1,2026-04-24,0.0,2026-10-05
081580,0,,2.78,2026-10-05
270870,0,,1.05,2026-10-05
263050,0,,12.58,2026-10-05
032960,0,,0.53,2026-10-05
133750,1,2026-04-16,3.23,2026-10-05
348080,0,,0.49,2026-10-05
057030,0,,2.6,2026-10-05
039290,0,,0.23,2026-10-05
026040,0,,2.99,2026-10-05
317240,0,,0.0,2026-10-05
446840,3,2026-06-19,1.02,2026-10-05
045510,0,,0.93,2026-10-05
226330,0,,0.86,2026-10-05
432430,0,,8.66,2026-10-05
065950,0,,1.75,2026-10-05
363250,0,,1.09,2026-10-05
064480,0,,6.38,2026-10-05
066360,0,,1.7,2026-10-05
060540,0,,1.42,2026-10-05
121890,0,,17.58,2026-10-05
376980,0,,1.44,2026-10-05
220180,0,,0.89,2026-10-05
033540,0,,0.01,2026-10-05
335810,0,,0.0,2026-10-05
465480,1,2026-07-01,1.54,2026-10-05
109820,0,,1.43,2026-10-05
075130,2,2026-07-23,3.24,2026-10-05
007530,0,,0.34,2026-10-05
127980,0,,0.94,2026-10-05
033170,0,,0.77,2026-10-05
159910,0,,0.96,2026-10-05
148930,0,,1.1,2026-10-05
239890,0,,2.91,2026-10-05
476080,1,2026-04-16,1.95,2026-10-05
419120,0,,2.73,2026-10-05
021650,0,,4.48,2026-10-05
417860,0,,1.5,2026-10-05
049120,0,,0.01,2026-10-05
064520,0,,0.44,2026-10-05
452300,0,,6.14,2026-10-05
464280,1,2026-09-16,3.54,2026-10-05
348030,0,,0.86,2026-10-05
434480,1,2026-06-12,2.62,2026-10-05
311390,1,2026-04-21,3.16,2026-10-05
296640,0,,1.79,2026-10-05
128540,0,,1.94,2026-10-05
037330,0,,4.68,2026-10-05
263920,0,,0.69,2026-10-05
469750,0,,0.0,2026-10-05
089150,0,,3.66,2026-10-05
025440,0,,11.01,2026-10-05
071850,0,,1.66,2026-10-05
053950,0,,0.05,2026-10-05
254120,0,,2.65,2026-10-05
131090,0,,6.67,2026-10-05
038950,0,,6.43,2026-10-05
200780,0,,1.26,2026-10-05
099220,0,,0.02,2026-10-05
068050,0,,3.17,2026-10-05
089140,0,,1.56,2026-10-05
099390,0,,4.56,2026-10-05
207760,0,,0.69,2026-10-05
318020,0,,3.09,2026-10-05
087600,0,,0.0,2026-10-05
037370,0,,2.91,2026-10-05
105550,0,,0.25,2026-10-05
033830,0,,0.0,2026-10-05
290090,0,,0.54,2026-10-05
290560,1,2026-06-19,16.69,2026-10-05
080520,0,,2.13,2026-10-05
232830,1,2026-06-16,1.27,2026-10-05
050110,0,,3.41,2026-10-05
106240,0,,0.77,2026-10-05
088340,2,2026-06-24,4.49,2026-10-05
271830,0,,1.62,2026-10-05
462310,0,,1.11,2026-10-05
258830,0,,1.68,2026-10-05
305090,0,,7.46,2026-10-05
197140,0,,0.73,2026-10-05
022220,0,,0.86,2026-10-05
187270,0,,2.11,2026-10-05
012620,0,,2.69,2026-10-05
452160,0,,0.98,2026-10-05
043200,0,,1.41,2026-10-05
407400,0,,3.32,2026-10-05
031510,0,,1.8,2026-10-05
020180,0,,1.2,2026-10-05
093380,0,,0.76,2026-10-05
097780,0,,0.22,2026-10-05
246250,1,2026-06-26,1.06,2026-10-05
215090,0,,1.61,2026-10-05
091970,0,,0.0,2026-10-05
079170,0,,7.41,2026-10-05
297570,0,,0.23,2026-10-05
078590,1,2026-06-05,0.13,2026-10-05
237820,0,,2.42,2026-10-05
193250,0,,1.51,2026-10-05
444530,1,2026-05-28,1.57,2026-10-05
360350,1,2026-06-22,5.05,2026-10-05
351330,0,,3.74,2026-10-05
351870,0,,0.88,2026-10-05
318010,0,,0.77,2026-10-05
096630,1,2026-06-26,1.31,2026-10-05
458350,0,,2.72,2026-10-05
276730,0,,0.84,2026-10-05
195500,0,,1.62,2026-10-05
363260,0,,1.47,2026-10-05
464580,0,,1.38,2026-10-05
376180,0,,1.8,2026-10-05
021880,0,,1.18,2026-10-05
336060,0,,0.0,2026-10-05
032790,0,,1.77,2026-10-05
262840,0,,1.27,2026-10-05
075970,0,,2.26,2026-10-05
038620,0,,2.79,2026-10-05
079000,0,,1.4,2026-10-05
066910,0,,0.0,2026-10-05
119500,0,,6.55,2026-10-05
239610,0,,0.74,2026-10-05
069410,0,,2.35,2026-10-05
026910,0,,2.18,2026-10-05
365590,0,,0.09,2026-10-05
139670,0,,1.83,2026-10-05
101670,0,,6.22,2026-10-05
008470,0,,1.78,2026-10-05
013720,0,,0.0,2026-10-05
364950,0,,3.22,2026-10-05
069140,0,,1.45,2026-10-05
017000,0,,4.0,2026-10-05
310870,0,,1.37,2026-10-05
367000,0,,0.8,2026-10-05
027040,0,,0.81,2026-10-05
462980,1,2026-04-17,1.77,2026-10-05
031310,0,,2.41,2026-10-05
109960,0,,0.0,2026-10-05
115480,0,,0.0,2026-10-05
388610,1,2026-05-26,2.14,2026-10-05
053290,0,,1.73,2026-10-05
406820,0,,0.38,2026-10-05
045300,1,2026-06-19,2.79,2026-10-05
057680,0,,0.05,2026-10-05
043220,0,,0.0,2026-10-05
103840,0,,3.64,2026-10-05
160550,1,2026-07-22,8.29,2026-10-05
450520,0,,1.83,2026-10-05
430690,0,,1.67,2026-10-05
131220,0,,2.94,2026-10-05
068100,0,,2.34,2026-10-05
130500,0,,1.38,2026-10-05
032860,0,,0.01,2026-10-05
290270,1,2026-04-27,2.91,2026-10-05
058110,0,,5.3,2026-10-05
215790,0,,6.41,2026-10-05
007770,0,,2.36,2026-10-05
328380,0,,1.52,2026-10-05
356890,0,,6.89,2026-10-05
900310,1,2026-07-20,67.75,2026-10-05
188260,0,,0.54,2026-10-05
016920,0,,1.96,2026-10-05
032750,0,,3.98,2026-10-05
044480,0,,0.06,2026-10-05
236810,0,,1.6,2026-10-05
054780,0,,8.33,2026-10-05
900070,0,,6.75,2026-10-05
067010,1,2026-09-04,2.78,2026-10-05
368970,1,2026-05-04,0.99,2026-10-05
070590,1,2026-05-08,0.91,2026-10-05
267790,0,,1.27,2026-10-05
177830,0,,1.35,2026-10-05
368600,0,,0.57,2026-10-05
138070,0,,2.09,2026-10-05
475660,0,,1.67,2026-10-05
033050,0,,0.99,2026-10-05
048470,0,,2.65,2026-10-05
225220,1,2026-07-31,1.08,2026-10-05
019570,0,,0.01,2026-10-05
080530,0,,2.2,2026-10-05
096690,0,,0.53,2026-10-05
464500,0,,4.49,2026-10-05
238490,0,,1.27,2026-10-05
007720,0,,1.16,2026-10-05
123840,1,2026-07-03,0.47,2026-10-05
288620,0,,4.51,2026-10-05
198940,0,,9.11,2026-10-05
076080,0,,1.44,2026-10-05
373170,1,2026-04-21,0.99,2026-10-05
001810,0,,0.6,2026-10-05
091340,0,,3.1,2026-10-05
038530,0,,2.08,2026-10-05
134060,0,,0.96,2026-10-05
038870,0,,2.16,2026-10-05
115530,0,,0.0,2026-10-05
377030,0,,0.01,2026-10-05
114630,0,,1.33,2026-10-05
300120,0,,0.07,2026-10-05
333050,0,,1.0,2026-10-05
073540,0,,2.57,2026-10-05
035200,0,,2.95,2026-10-05
200350,0,,2.12,2026-10-05
318000,0,,4.04,2026-10-05
060380,0,,1.28,2026-10-05
462510,0,,2.61,2026-10-05
227610,0,,0.0,2026-10-05
424760,0,,1.35,2026-10-05
146060,2,2026-06-30,0.98,2026-10-05
039310,0,,3.65,2026-10-05
083660,0,,0.09,2026-10-05
208350,0,,5.58,2026-10-05
044780,0,,3.96,2026-10-05
083640,0,,0.0,2026-10-05
257370,0,,1.17,2026-10-05
090150,0,,0.77,2026-10-05
054090,0,,2.47,2026-10-05
039740,0,,1.94,2026-10-05
331520,0,,2.17,2026-10-05
051380,0,,1.58,2026-10-05
101680,1,2026-06-26,1.78,2026-10-05
052300,0,,1.89,2026-10-05
085810,0,,0.05,2026-10-05
440320,0,,1.92,2026-10-05
290520,0,,0.94,2026-10-05
222980,0,,1.84,2026-10-05
0010F0,0,,0.64,2026-10-05
237750,0,,1.15,2026-10-05
063760,0,,3.16,2026-10-05
289220,1,2026-04-13,2.6,2026-10-05
065150,0,,0.27,2026-10-05
347770,0,,2.66,2026-10-05
298060,0,,1.69,2026-10-05
016670,0,,1.1,2026-10-05
018700,0,,0.02,2026-10-05
355390,1,2026-08-14,2.26,2026-10-05
188040,0,,2.71,2026-10-05
206560,1,2026-04-15,2.46,2026-10-05
060230,0,,0.45,2026-10-05
095910,0,,4.29,2026-10-05
169330,0,,21.36,2026-10-05
301300,0,,2.05,2026-10-05
053060,0,,6.68,2026-10-05
131180,0,,16.25,2026-10-05
036480,0,,2.47,2026-10-05
032800,0,,0.01,2026-10-05
378800,0,,2.74,2026-10-05
013810,0,,3.41,2026-10-05
258790,1,2026-10-02,3.1,2026-10-05
130740,0,,2.48,2026-10-05
047080,1,2026-05-08,4.03,2026-10-05
154040,0,,2.2,2026-10-05
123750,0,,0.81,2026-10-05
038880,0,,0.02,2026-10-05
415380,0,,2.26,2026-10-05
359090,0,,0.42,2026-10-05
032080,0,,1.03,2026-10-05
187220,0,,1.91,2026-10-05
241840,0,,3.3,2026-10-05
018680,0,,2.26,2026-10-05
033200,0,,79.83,2026-10-05
084440,0,,0.0,2026-10-05
372800,0,,1.49,2026-10-05
153490,0,,2.23,2026-10-05
238200,0,,0.75,2026-10-05
115160,0,,4.25,2026-10-05
353190,0,,1.39,2026-10-05
109670,0,,0.58,2026-10-05
429270,1,2026-06-30,3.27,2026-10-05
148250,1,2026-05-04,2.69,2026-10-05
067770,0,,3.61,2026-10-05
405920,0,,0.39,2026-10-05
317120,0,,3.83,2026-10-05
065690,0,,1.67,2026-10-05
432980,1,2026-06-26,0.55,2026-10-05
403490,0,,1.02,2026-10-05
016100,1,2026-07-10,1.93,2026-10-05
900110,0,,0.01,2026-10-05
195990,0,,0.0,2026-10-05
054940,1,2026-05-04,0.0,2026-10-05
353590,0,,1.52,2026-10-05
032280,0,,0.89,2026-10-05
215480,0,,12.0,2026-10-05
101400,0,,1.27,2026-10-05
098660,1,2026-06-26,0.42,2026-10-05
277410,1,2026-04-21,0.0,2026-10-05
067730,0,,1.94,2026-10-05
017250,0,,0.0,2026-10-05
148780,0,,0.31,2026-10-05
352940,0,,1.71,2026-10-05
340440,0,,5.39,2026-10-05
398120,1,2026-04-16,2.56,2026-10-05
373110,1,2026-06-24,1.63,2026-10-05
200230,0,,0.1,2026-10-05
019660,0,,0.0,2026-10-05
431190,0,,3.28,2026-10-05
219750,0,,0.0,2026-10-05
069330,0,,1.99,2026-10-05
303530,0,,2.8,2026-10-05
192390,0,,1.78,2026-10-05
362990,0,,1.48,2026-10-05
080470,0,,8.57,2026-10-05
274400,0,,2.4,2026-10-05
115570,0,,1.36,2026-10-05
023770,0,,10.52,2026-10-05
252500,0,,5.4,2026-10-05
021040,0,,0.55,2026-10-05
361670,0,,0.88,2026-10-05
065370,0,,2.09,2026-10-05
054220,0,,4.43,2026-10-05
275630,0,,4.64,2026-10-05
438700,0,,1.57,2026-10-05
419540,0,,0.0,2026-10-05
065060,0,,0.58,2026-10-05
342870,1,2026-06-10,0.84,2026-10-05
191410,1,2026-04-24,3.44,2026-10-05
377330,1,2026-04-10,1.51,2026-10-05
043590,0,,0.74,2026-10-05
034940,0,,0.09,2026-10-05
073570,0,,0.25,2026-10-05
154030,0,,0.91,2026-10-05
455180,0,,2.06,2026-10-05
224060,0,,0.0,2026-10-05
043360,1,2026-04-17,1.01,2026-10-05
383930,0,,2.25,2026-10-05
054410,0,,0.61,2026-10-05
096870,0,,3.58,2026-10-05
137940,0,,0.09,2026-10-05
405000,0,,7.55,2026-10-05
032680,0,,38.75,2026-10-05
014100,0,,1.72,2026-10-05
196700,0,,2.74,2026-10-05
018620,1,2026-04-17,1.73,2026-10-05
048830,0,,37.06,2026-10-05
073190,0,,1.11,2026-10-05
083470,0,,1.2,2026-10-05
050090,0,,1.68,2026-10-05
024940,0,,4.79,2026-10-05
050760,1,2026-08-21,1.54,2026-10-05
900270,0,,36.91,2026-10-05
214610,0,,0.0,2026-10-05
088290,0,,1.67,2026-10-05
344860,0,,4.02,2026-10-05
027580,0,,1.36,2026-10-05
140430,0,,0.0,2026-10-05
900340,0,,11.65,2026-10-05
113810,0,,1.36,2026-10-05
056730,0,,1.44,2026-10-05
031860,0,,0.0,2026-10-05
417180,0,,0.67,2026-10-05
303030,1,2026-09-11,47.85,2026-10-05
365900,0,,1.36,2026-10-05
279600,1,2026-07-03,0.23,2026-10-05
306040,0,,5.03,2026-10-05
115610,0,,2.92,2026-10-05
060900,0,,0.63,2026-10-05
078860,1,2026-08-07,1.17,2026-10-05
110020,0,,0.94,2026-10-05
335870,0,,12.22,2026-10-05
069920,0,,0.24,2026-10-05
322780,0,,0.1,2026-10-05
020400,0,,1.41,2026-10-05
900120,0,,0.0,2026-10-05
006050,0,,8.56,2026-10-05
309930,0,,2.39,2026-10-05
065650,0,,0.0,2026-10-05
376930,0,,0.06,2026-10-05
103230,0,,4.11,2026-10-05
477380,0,,0.09,2026-10-05
482680,0,,0.0,2026-10-05
177350,0,,1.4,2026-10-05
051780,0,,0.0,2026-10-05
241820,0,,0.0,2026-10-05
023790,1,2026-07-20,0.23,2026-10-05
225590,0,,4.76,2026-10-05
377220,0,,0.0,2026-10-05
037400,0,,2.75,2026-10-05
002680,0,,2.2,2026-10-05
131760,0,,6.18,2026-10-05
389680,1,2026-06-24,0.11,2026-10-05
0072Z0,0,,4.75,2026-10-05
009730,0,,0.0,2026-10-05
354200,0,,1.6,2026-10-05
477340,0,,0.0,2026-10-05
060480,1,2026-05-04,5.24,2026-10-05
0130H0,0,,0.51,2026-10-05
0101C0,0,,0.4,2026-10-05
009620,0,,0.14,2026-10-05
030350,0,,1.77,2026-10-05
0044K0,0,,0.33,2026-10-05
045520,0,,3.32,2026-10-05
0115H0,0,,0.46,2026-10-05
473050,0,,0.0,2026-10-05
142760,0,,0.01,2026-10-05
131100,0,,0.4,2026-10-05
223310,0,,0.03,2026-10-05
060260,0,,4.63,2026-10-05
478440,0,,0.0,2026-10-05
210120,1,2026-04-10,0.0,2026-10-05
247660,0,,1.19,2026-10-05
479880,0,,0.47,2026-10-05
240600,0,,3.3,2026-10-05
0165X0,0,,2.11,2026-10-05
489480,0,,0.01,2026-10-05
0099W0,0,,0.15,2026-10-05
291810,0,,3.95,2026-10-05
304840,0,,1.01,2026-10-05
352770,0,,2.82,2026-10-05
239340,0,,0.04,2026-10-05
289010,0,,4.16,2026-10-05
244460,0,,0.0,2026-10-05
079950,0,,2.91,2026-10-05
0134X0,0,,0.0,2026-10-05
0164H0,0,,8.06,2026-10-05
065770,0,,5.53,2026-10-05
285800,0,,0.02,2026-10-05
481890,0,,0.37,2026-10-05
0099X0,0,,0.03,2026-10-05
0096B0,0,,0.35,2026-10-05
035620,0,,1.01,2026-10-05
478390,0,,0.49,2026-10-05
489730,0,,0.0,2026-10-05
0097F0,0,,0.2,2026-10-05
054180,0,,0.0,2026-10-05
0093G0,0,,0.25,2026-10-05
0037T0,0,,0.28,2026-10-05
012340,0,,1.66,2026-10-05
492220,0,,1.13,2026-10-05
482520,0,,0.22,2026-10-05
0054V0,0,,0.07,2026-10-05
0131D0,0,,0.25,2026-10-05
065570,0,,0.33,2026-10-05
0091W0,0,,0.14,2026-10-05
477760,0,,0.0,2026-10-05
0088D0,0,,0.06,2026-10-05
0041L0,0,,0.5,2026-10-05
028080,0,,0.0,2026-10-05
035290,0,,0.43,2026-10-05
0132G0,0,,0.07,2026-10-05
469900,0,,0.37,2026-10-05
482690,0,,0.0,2026-10-05
474660,0,,0.81,2026-10-05
079190,0,,1.36,2026-10-05
487360,0,,2.45,2026-10-05
0071M0,0,,0.37,2026-10-05
474490,0,,0.0,2026-10-05
477470,0,,0.0,2026-10-05
288980,0,,1.45,2026-10-05
0105P0,0,,0.0,2026-10-05
496070,0,,0.67,2026-10-05
250930,1,2026-07-31,0.94,2026-10-05
001000,0,,5.29,2026-10-05
0129K0,0,,35.69,2026-10-05
0096D0,0,,0.67,2026-10-05
486630,0,,0.53,2026-10-05
0098T0,0,,0.0,2026-10-05
493790,0,,0.12,2026-10-05
489210,0,,0.24,2026-10-05
0004Y0,0,,0.32,2026-10-05
0130D0,0,,0.29,2026-10-05
043100,0,,11.48,2026-10-05
478110,0,,0.0,2026-10-05
466690,0,,0.0,2026-10-05
0041B0,0,,0.0,2026-10-05
498390,0,,1.12,2026-10-05
058450,0,,7.41,2026-10-05
488060,0,,0.0,2026-10-05
092600,1,2026-07-10,1.51,2026-10-05
900100,0,,0.0,2026-10-05
106080,0,,14.22,2026-10-05
308100,0,,2.78,2026-10-05
208640,0,,0.0,2026-10-05
025870,0,,3.17,2026-10-05
418620,1,2026-06-29,2.46,2026-10-05
484130,0,,0.04,2026-10-05
473950,0,,0.27,2026-10-05
225430,0,,2.23,2026-10-05
469480,0,,2.59,2026-10-05
487830,0,,0.0,2026-10-05
468760,0,,0.05,2026-10-05
472230,0,,0.4,2026-10-05
487720,0,,0.0,2026-10-05
0068Y0,0,,0.47,2026-10-05
0041J0,0,,0.0,2026-10-05
087260,0,,5.62,2026-10-05
312610,1,2026-04-10,1.44,2026-10-05
101000,0,,0.0,2026-10-05
475250,0,,0.53,2026-10-05
079970,0,,1.85,2026-10-05
474930,0,,24.09,2026-10-05
199730,0,,5.92,2026-10-05
065420,0,,0.0,2026-10-05
276040,0,,8.25,2026-10-05
473000,0,,0.0,2026-10-05
475240,0,,1.88,2026-10-05
011080,0,,2.11,2026-10-05
044180,0,,4.9,2026-10-05
313760,0,,6.27,2026-10-05
052770,0,,3.37,2026-10-05
