종목코드,업종_소분류,업종_대분류
257720,인터넷과카탈로그소매,소프트웨어·인터넷
362320,인터넷과카탈로그소매,소프트웨어·인터넷
475460,인터넷과카탈로그소매,소프트웨어·인터넷
035080,인터넷과카탈로그소매,소프트웨어·인터넷
053280,인터넷과카탈로그소매,소프트웨어·인터넷
036030,인터넷과카탈로그소매,소프트웨어·인터넷
204620,기타금융,금융
021880,기타금융,금융
038540,기타금융,금융
023760,기타금융,금융
007330,기타금융,금융
179720,기타금융,금융
0015N0,화장품,유통·소비재
219550,화장품,유통·소비재
161890,화장품,유통·소비재
241710,화장품,유통·소비재
018290,화장품,유통·소비재
078520,화장품,유통·소비재
032940,화장품,유통·소비재
265740,화장품,유통·소비재
950140,화장품,유통·소비재
123330,화장품,유통·소비재
092730,화장품,유통·소비재
003350,화장품,유통·소비재
114840,화장품,유통·소비재
192820,화장품,유통·소비재
318160,화장품,유통·소비재
051900,화장품,유통·소비재
002790,화장품,유통·소비재
278470,화장품,유통·소비재
439090,화장품,유통·소비재
090430,화장품,유통·소비재
226320,화장품,유통·소비재
900300,화장품,유통·소비재
090435,화장품,유통·소비재
237880,화장품,유통·소비재
024720,화장품,유통·소비재
00279K,화장품,유통·소비재
214420,화장품,유통·소비재
406820,화장품,유통·소비재
123690,화장품,유통·소비재
051905,화장품,유통·소비재
352480,화장품,유통·소비재
086710,화장품,유통·소비재
451250,화장품,유통·소비재
002795,화장품,유통·소비재
018250,화장품,유통·소비재
344860,화장품,유통·소비재
027050,화장품,유통·소비재
483650,화장품,유통·소비재
226340,화장품,유통·소비재
025620,화장품,유통·소비재
159580,화장품,유통·소비재
048410,화장품,유통·소비재
052260,화장품,유통·소비재
126560,화장품,유통·소비재
137940,화장품,유통·소비재
420570,화장품,유통·소비재
489460,화장품,유통·소비재
252500,화장품,유통·소비재
900310,화장품,유통·소비재
270210,화장품,유통·소비재
082660,화장품,유통·소비재
317860,화장품,유통·소비재
217480,화장품,유통·소비재
175250,화장품,유통·소비재
214260,화장품,유통·소비재
018700,화장품,유통·소비재
227610,화장품,유통·소비재
453860,화장품,유통·소비재
080530,화장품,유통·소비재
168330,화장품,유통·소비재
260930,화장품,유통·소비재
159910,화장품,유통·소비재
014100,화장품,유통·소비재
083660,화장품,유통·소비재
250030,화장품,유통·소비재
251970,포장재,화학·소재
008730,포장재,화학·소재
014820,포장재,화학·소재
016100,포장재,화학·소재
016590,포장재,화학·소재
340440,포장재,화학·소재
005820,포장재,화학·소재
002310,포장재,화학·소재
004250,포장재,화학·소재
014970,포장재,화학·소재
011280,포장재,화학·소재
460870,포장재,화학·소재
023600,포장재,화학·소재
004450,포장재,화학·소재
037230,포장재,화학·소재
004780,포장재,화학·소재
017650,포장재,화학·소재
002200,포장재,화학·소재
008870,포장재,화학·소재
272550,포장재,화학·소재
004255,포장재,화학·소재
263920,포장재,화학·소재
049830,포장재,화학·소재
014160,포장재,화학·소재
002870,포장재,화학·소재
014825,포장재,화학·소재
009460,포장재,화학·소재
121440,레저용장비와제품,유통·소비재
900270,레저용장비와제품,유통·소비재
002450,레저용장비와제품,유통·소비재
011420,레저용장비와제품,유통·소비재
088390,레저용장비와제품,유통·소비재
024950,레저용장비와제품,유통·소비재
296520,레저용장비와제품,유통·소비재
365900,레저용장비와제품,유통·소비재
050120,레저용장비와제품,유통·소비재
206950,레저용장비와제품,유통·소비재
039830,레저용장비와제품,유통·소비재
123750,레저용장비와제품,유통·소비재
066910,레저용장비와제품,유통·소비재
280360,식품,식음료·담배
025870,식품,식음료·담배
066360,식품,식음료·담배
004370,식품,식음료·담배
002680,식품,식음료·담배
003380,식품,식음료·담배
003230,식품,식음료·담배
005860,식품,식음료·담배
140410,식품,식음료·담배
001680,식품,식음료·담배
007310,식품,식음료·담배
002140,식품,식음료·담배
001800,식품,식음료·담배
065150,식품,식음료·담배
453340,식품,식음료·담배
005610,식품,식음료·담배
014710,식품,식음료·담배
003920,식품,식음료·담배
260970,식품,식음료·담배
011155,식품,식음료·담배
248170,식품,식음료·담배
218150,식품,식음료·담배
017810,식품,식음료·담배
271560,식품,식음료·담배
035810,식품,식음료·담배
005180,식품,식음료·담배
353810,식품,식음료·담배
006040,식품,식음료·담배
007160,식품,식음료·담배
001790,식품,식음료·담배
311390,식품,식음료·담배
030720,식품,식음료·담배
027710,식품,식음료·담배
003310,식품,식음료·담배
145990,식품,식음료·담배
003960,식품,식음료·담배
004415,식품,식음료·담배
003680,식품,식음료·담배
277410,식품,식음료·담배
267980,식품,식음료·담배
101530,식품,식음료·담배
097950,식품,식음료·담배
435570,식품,식음료·담배
208140,식품,식음료·담배
006090,식품,식음료·담배
136480,식품,식음료·담배
005745,식품,식음료·담배
026960,식품,식음료·담배
097955,식품,식음료·담배
005990,식품,식음료·담배
002760,식품,식음료·담배
011150,식품,식음료·담배
136490,식품,식음료·담배
088910,식품,식음료·담배
072710,식품,식음료·담배
368970,식품,식음료·담배
009780,식품,식음료·담배
403490,식품,식음료·담배
036580,식품,식음료·담배
007540,식품,식음료·담배
0013V0,식품,식음료·담배
005740,식품,식음료·담배
003925,식품,식음료·담배
339770,식품,식음료·담배
195500,식품,식음료·담배
001685,식품,식음료·담배
005670,식품,식음료·담배
001795,식품,식음료·담배
222980,식품,식음료·담배
051780,식품,식음료·담배
027740,식품,식음료·담배
001130,식품,식음료·담배
073560,식품,식음료·담배
178600,식품,식음료·담배
008040,식품,식음료·담배
016790,식품,식음료·담배
025880,식품,식음료·담배
084690,식품,식음료·담배
236030,식품,식음료·담배
26490K,식품,식음료·담배
145995,식품,식음료·담배
290720,식품,식음료·담배
006980,식품,식음료·담배
264900,식품,식음료·담배
002600,식품,식음료·담배
004970,식품,식음료·담배
004410,식품,식음료·담배
103840,식품,식음료·담배
084695,식품,식음료·담배
900340,식품,식음료·담배
188040,식품,식음료·담배
229500,식품,식음료·담배
288980,소프트웨어,소프트웨어·인터넷
263860,소프트웨어,소프트웨어·인터넷
042510,소프트웨어,소프트웨어·인터넷
058970,소프트웨어,소프트웨어·인터넷
184230,소프트웨어,소프트웨어·인터넷
047560,소프트웨어,소프트웨어·인터넷
418620,소프트웨어,소프트웨어·인터넷
352910,소프트웨어,소프트웨어·인터넷
053800,소프트웨어,소프트웨어·인터넷
158430,소프트웨어,소프트웨어·인터넷
411080,소프트웨어,소프트웨어·인터넷
258790,소프트웨어,소프트웨어·인터넷
053350,소프트웨어,소프트웨어·인터넷
150900,소프트웨어,소프트웨어·인터넷
417860,소프트웨어,소프트웨어·인터넷
275630,소프트웨어,소프트웨어·인터넷
340810,소프트웨어,소프트웨어·인터넷
030520,소프트웨어,소프트웨어·인터넷
220180,소프트웨어,소프트웨어·인터넷
290090,소프트웨어,소프트웨어·인터넷
430690,소프트웨어,소프트웨어·인터넷
250060,소프트웨어,소프트웨어·인터넷
298830,소프트웨어,소프트웨어·인터넷
136540,소프트웨어,소프트웨어·인터넷
434480,소프트웨어,소프트웨어·인터넷
088340,소프트웨어,소프트웨어·인터넷
075130,소프트웨어,소프트웨어·인터넷
096250,소프트웨어,소프트웨어·인터넷
356680,소프트웨어,소프트웨어·인터넷
148780,소프트웨어,소프트웨어·인터넷
049470,소프트웨어,소프트웨어·인터넷
208350,소프트웨어,소프트웨어·인터넷
192250,소프트웨어,소프트웨어·인터넷
466410,소프트웨어,소프트웨어·인터넷
153460,소프트웨어,소프트웨어·인터넷
139670,소프트웨어,소프트웨어·인터넷
078000,소프트웨어,소프트웨어·인터넷
053580,소프트웨어,소프트웨어·인터넷
099390,소프트웨어,소프트웨어·인터넷
291810,소프트웨어,소프트웨어·인터넷
347860,소프트웨어,소프트웨어·인터넷
131370,소프트웨어,소프트웨어·인터넷
450520,소프트웨어,소프트웨어·인터넷
197140,소프트웨어,소프트웨어·인터넷
290270,소프트웨어,소프트웨어·인터넷
219420,소프트웨어,소프트웨어·인터넷
477850,소프트웨어,소프트웨어·인터넷
016670,소프트웨어,소프트웨어·인터넷
418250,소프트웨어,소프트웨어·인터넷
402030,소프트웨어,소프트웨어·인터넷
495810,소프트웨어,소프트웨어·인터넷
079970,소프트웨어,소프트웨어·인터넷
0203K0,소프트웨어,소프트웨어·인터넷
050960,소프트웨어,소프트웨어·인터넷
060850,소프트웨어,소프트웨어·인터넷
276040,소프트웨어,소프트웨어·인터넷
290560,소프트웨어,소프트웨어·인터넷
274400,소프트웨어,소프트웨어·인터넷
131090,소프트웨어,소프트웨어·인터넷
100030,소프트웨어,소프트웨어·인터넷
086960,소프트웨어,소프트웨어·인터넷
475040,소프트웨어,소프트웨어·인터넷
053980,소프트웨어,소프트웨어·인터넷
296640,소프트웨어,소프트웨어·인터넷
189690,소프트웨어,소프트웨어·인터넷
419120,소프트웨어,소프트웨어·인터넷
065370,소프트웨어,소프트웨어·인터넷
205100,소프트웨어,소프트웨어·인터넷
301300,소프트웨어,소프트웨어·인터넷
438700,소프트웨어,소프트웨어·인터넷
039310,소프트웨어,소프트웨어·인터넷
446840,소프트웨어,소프트웨어·인터넷
300120,소프트웨어,소프트웨어·인터넷
096530,생명과학도구및서비스,바이오·헬스케어
950130,생명과학도구및서비스,바이오·헬스케어
340450,생명과학도구및서비스,바이오·헬스케어
205470,생명과학도구및서비스,바이오·헬스케어
046210,생명과학도구및서비스,바이오·헬스케어
036220,생명과학도구및서비스,바이오·헬스케어
068330,생명과학도구및서비스,바이오·헬스케어
311690,생명과학도구및서비스,바이오·헬스케어
278650,생명과학도구및서비스,바이오·헬스케어
266470,생명과학도구및서비스,바이오·헬스케어
086040,생명과학도구및서비스,바이오·헬스케어
206640,생명과학도구및서비스,바이오·헬스케어
039860,생명과학도구및서비스,바이오·헬스케어
038290,생명과학도구및서비스,바이오·헬스케어
238120,생명과학도구및서비스,바이오·헬스케어
048530,생명과학도구및서비스,바이오·헬스케어
226950,생명과학도구및서비스,바이오·헬스케어
347740,생명과학도구및서비스,바이오·헬스케어
215380,생명과학도구및서비스,바이오·헬스케어
461030,생명과학도구및서비스,바이오·헬스케어
131220,생명과학도구및서비스,바이오·헬스케어
494120,생명과학도구및서비스,바이오·헬스케어
456190,생명과학도구및서비스,바이오·헬스케어
317690,생명과학도구및서비스,바이오·헬스케어
241820,생명과학도구및서비스,바이오·헬스케어
245620,생명과학도구및서비스,바이오·헬스케어
182400,생명과학도구및서비스,바이오·헬스케어
127120,생명과학도구및서비스,바이오·헬스케어
199730,생명과학도구및서비스,바이오·헬스케어
382150,생명과학도구및서비스,바이오·헬스케어
460470,생명과학도구및서비스,바이오·헬스케어
335810,생명과학도구및서비스,바이오·헬스케어
383930,생명과학도구및서비스,바이오·헬스케어
475960,생명과학도구및서비스,바이오·헬스케어
354200,생명과학도구및서비스,바이오·헬스케어
445680,생명과학도구및서비스,바이오·헬스케어
950200,생명과학도구및서비스,바이오·헬스케어
083790,생명과학도구및서비스,바이오·헬스케어
084650,생명과학도구및서비스,바이오·헬스케어
291650,생명과학도구및서비스,바이오·헬스케어
236340,생명과학도구및서비스,바이오·헬스케어
227420,"섬유,의류,신발,호화품",유통·소비재
001530,"섬유,의류,신발,호화품",유통·소비재
472850,"섬유,의류,신발,호화품",유통·소비재
383220,"섬유,의류,신발,호화품",유통·소비재
478560,"섬유,의류,신발,호화품",유통·소비재
481070,"섬유,의류,신발,호화품",유통·소비재
298540,"섬유,의류,신발,호화품",유통·소비재
047770,"섬유,의류,신발,호화품",유통·소비재
011080,"섬유,의류,신발,호화품",유통·소비재
308100,"섬유,의류,신발,호화품",유통·소비재
084870,"섬유,의류,신발,호화품",유통·소비재
007700,"섬유,의류,신발,호화품",유통·소비재
013990,"섬유,의류,신발,호화품",유통·소비재
003200,"섬유,의류,신발,호화품",유통·소비재
020000,"섬유,의류,신발,호화품",유통·소비재
065060,"섬유,의류,신발,호화품",유통·소비재
098660,"섬유,의류,신발,호화품",유통·소비재
194370,"섬유,의류,신발,호화품",유통·소비재
031430,"섬유,의류,신발,호화품",유통·소비재
093240,"섬유,의류,신발,호화품",유통·소비재
0117P0,"섬유,의류,신발,호화품",유통·소비재
241590,"섬유,의류,신발,호화품",유통·소비재
306040,"섬유,의류,신발,호화품",유통·소비재
009970,"섬유,의류,신발,호화품",유통·소비재
215480,"섬유,의류,신발,호화품",유통·소비재
004700,"섬유,의류,신발,호화품",유통·소비재
035150,"섬유,의류,신발,호화품",유통·소비재
093050,"섬유,의류,신발,호화품",유통·소비재
000950,"섬유,의류,신발,호화품",유통·소비재
016450,"섬유,의류,신발,호화품",유통·소비재
111110,"섬유,의류,신발,호화품",유통·소비재
004830,"섬유,의류,신발,호화품",유통·소비재
081660,"섬유,의류,신발,호화품",유통·소비재
005800,"섬유,의류,신발,호화품",유통·소비재
016090,"섬유,의류,신발,호화품",유통·소비재
111770,"섬유,의류,신발,호화품",유통·소비재
337930,"섬유,의류,신발,호화품",유통·소비재
006060,"섬유,의류,신발,호화품",유통·소비재
109670,"섬유,의류,신발,호화품",유통·소비재
352700,"섬유,의류,신발,호화품",유통·소비재
079980,"섬유,의류,신발,호화품",유통·소비재
462310,"섬유,의류,신발,호화품",유통·소비재
032080,"섬유,의류,신발,호화품",유통·소비재
001460,"섬유,의류,신발,호화품",유통·소비재
000050,"섬유,의류,신발,호화품",유통·소비재
105630,"섬유,의류,신발,호화품",유통·소비재
114630,"섬유,의류,신발,호화품",유통·소비재
014990,"섬유,의류,신발,호화품",유통·소비재
900100,"섬유,의류,신발,호화품",유통·소비재
009270,"섬유,의류,신발,호화품",유통·소비재
145170,"섬유,의류,신발,호화품",유통·소비재
111380,"섬유,의류,신발,호화품",유통·소비재
204020,"섬유,의류,신발,호화품",유통·소비재
026040,"섬유,의류,신발,호화품",유통·소비재
002170,"섬유,의류,신발,호화품",유통·소비재
003610,"섬유,의류,신발,호화품",유통·소비재
083550,"섬유,의류,신발,호화품",유통·소비재
351020,"섬유,의류,신발,호화품",유통·소비재
001465,"섬유,의류,신발,호화품",유통·소비재
900110,"섬유,의류,신발,호화품",유통·소비재
008600,"섬유,의류,신발,호화품",유통·소비재
005320,"섬유,의류,신발,호화품",유통·소비재
069640,"섬유,의류,신발,호화품",유통·소비재
267790,"섬유,의류,신발,호화품",유통·소비재
007980,"섬유,의류,신발,호화품",유통·소비재
004060,"섬유,의류,신발,호화품",유통·소비재
084680,"섬유,의류,신발,호화품",유통·소비재
088790,"섬유,의류,신발,호화품",유통·소비재
110790,"섬유,의류,신발,호화품",유통·소비재
036620,"섬유,의류,신발,호화품",유통·소비재
004835,"섬유,의류,신발,호화품",유통·소비재
263020,"섬유,의류,신발,호화품",유통·소비재
024890,"섬유,의류,신발,호화품",유통·소비재
335870,"섬유,의류,신발,호화품",유통·소비재
225590,"섬유,의류,신발,호화품",유통·소비재
001070,"섬유,의류,신발,호화품",유통·소비재
002070,"섬유,의류,신발,호화품",유통·소비재
282620,"섬유,의류,신발,호화품",유통·소비재
008290,"섬유,의류,신발,호화품",유통·소비재
033340,"섬유,의류,신발,호화품",유통·소비재
366030,"섬유,의류,신발,호화품",유통·소비재
011300,"섬유,의류,신발,호화품",유통·소비재
180640,항공사,운송·물류
089590,항공사,운송·물류
020560,항공사,운송·물류
003490,항공사,운송·물류
18064K,항공사,운송·물류
003495,항공사,운송·물류
272450,항공사,운송·물류
298690,항공사,운송·물류
091810,항공사,운송·물류
276730,음료,식음료·담배
000080,음료,식음료·담배
000140,음료,식음료·담배
000890,음료,식음료·담배
005300,음료,식음료·담배
043650,음료,식음료·담배
005305,음료,식음료·담배
000087,음료,식음료·담배
033920,음료,식음료·담배
018120,음료,식음료·담배
004650,음료,식음료·담배
267080,음료,식음료·담배
405920,음료,식음료·담배
023150,음료,식음료·담배
000145,음료,식음료·담배
189980,음료,식음료·담배
387690,건강관리장비와용품,바이오·헬스케어
199550,건강관리장비와용품,바이오·헬스케어
214450,건강관리장비와용품,바이오·헬스케어
253840,건강관리장비와용품,바이오·헬스케어
290650,건강관리장비와용품,바이오·헬스케어
387570,건강관리장비와용품,바이오·헬스케어
142280,건강관리장비와용품,바이오·헬스케어
137310,건강관리장비와용품,바이오·헬스케어
056090,건강관리장비와용품,바이오·헬스케어
398120,건강관리장비와용품,바이오·헬스케어
419540,건강관리장비와용품,바이오·헬스케어
240550,건강관리장비와용품,바이오·헬스케어
100120,건강관리장비와용품,바이오·헬스케어
225220,건강관리장비와용품,바이오·헬스케어
145720,건강관리장비와용품,바이오·헬스케어
214150,건강관리장비와용품,바이오·헬스케어
336570,건강관리장비와용품,바이오·헬스케어
226400,건강관리장비와용품,바이오·헬스케어
042520,건강관리장비와용품,바이오·헬스케어
039840,건강관리장비와용품,바이오·헬스케어
099190,건강관리장비와용품,바이오·헬스케어
450950,건강관리장비와용품,바이오·헬스케어
307280,건강관리장비와용품,바이오·헬스케어
065510,건강관리장비와용품,바이오·헬스케어
100700,건강관리장비와용품,바이오·헬스케어
058110,건강관리장비와용품,바이오·헬스케어
303810,건강관리장비와용품,바이오·헬스케어
302550,건강관리장비와용품,바이오·헬스케어
376900,건강관리장비와용품,바이오·헬스케어
028300,건강관리장비와용품,바이오·헬스케어
115480,건강관리장비와용품,바이오·헬스케어
059210,건강관리장비와용품,바이오·헬스케어
099430,건강관리장비와용품,바이오·헬스케어
048870,건강관리장비와용품,바이오·헬스케어
054950,건강관리장비와용품,바이오·헬스케어
256840,건강관리장비와용품,바이오·헬스케어
377740,건강관리장비와용품,바이오·헬스케어
104540,건강관리장비와용품,바이오·헬스케어
208370,건강관리장비와용품,바이오·헬스케어
043150,건강관리장비와용품,바이오·헬스케어
462510,건강관리장비와용품,바이오·헬스케어
244880,건강관리장비와용품,바이오·헬스케어
372910,건강관리장비와용품,바이오·헬스케어
060280,건강관리장비와용품,바이오·헬스케어
219750,건강관리장비와용품,바이오·헬스케어
149980,건강관리장비와용품,바이오·헬스케어
450330,건강관리장비와용품,바이오·헬스케어
460940,건강관리장비와용품,바이오·헬스케어
363250,건강관리장비와용품,바이오·헬스케어
228670,건강관리장비와용품,바이오·헬스케어
394420,건강관리장비와용품,바이오·헬스케어
303360,건강관리장비와용품,바이오·헬스케어
067630,건강관리장비와용품,바이오·헬스케어
337840,건강관리장비와용품,바이오·헬스케어
156100,건강관리장비와용품,바이오·헬스케어
006140,건강관리장비와용품,바이오·헬스케어
004080,건강관리장비와용품,바이오·헬스케어
0120G0,건강관리장비와용품,바이오·헬스케어
043100,건강관리장비와용품,바이오·헬스케어
119610,건강관리장비와용품,바이오·헬스케어
122310,건강관리장비와용품,바이오·헬스케어
199290,건강관리장비와용품,바이오·헬스케어
212310,건강관리장비와용품,바이오·헬스케어
214610,건강관리장비와용품,바이오·헬스케어
214680,건강관리장비와용품,바이오·헬스케어
233250,건강관리장비와용품,바이오·헬스케어
234920,건강관리장비와용품,바이오·헬스케어
246720,건강관리장비와용품,바이오·헬스케어
258830,건강관리장비와용품,바이오·헬스케어
294090,건강관리장비와용품,바이오·헬스케어
304840,건강관리장비와용품,바이오·헬스케어
332190,건강관리장비와용품,바이오·헬스케어
336040,건강관리장비와용품,바이오·헬스케어
376930,건강관리장비와용품,바이오·헬스케어
402420,건강관리장비와용품,바이오·헬스케어
448780,건강관리장비와용품,바이오·헬스케어
318060,건강관리장비와용품,바이오·헬스케어
228760,건강관리장비와용품,바이오·헬스케어
314930,건강관리장비와용품,바이오·헬스케어
491000,건강관리장비와용품,바이오·헬스케어
200580,건강관리장비와용품,바이오·헬스케어
447690,건강관리장비와용품,바이오·헬스케어
261200,건강관리장비와용품,바이오·헬스케어
263690,건강관리장비와용품,바이오·헬스케어
108860,건강관리장비와용품,바이오·헬스케어
041830,건강관리장비와용품,바이오·헬스케어
041920,건강관리장비와용품,바이오·헬스케어
179290,건강관리장비와용품,바이오·헬스케어
456570,건강관리장비와용품,바이오·헬스케어
188260,건강관리장비와용품,바이오·헬스케어
216080,건강관리장비와용품,바이오·헬스케어
340570,건강관리장비와용품,바이오·헬스케어
389650,건강관리장비와용품,바이오·헬스케어
405000,건강관리장비와용품,바이오·헬스케어
455900,건강관리장비와용품,바이오·헬스케어
0088M0,건강관리장비와용품,바이오·헬스케어
305090,건강관리장비와용품,바이오·헬스케어
0010V0,건강관리장비와용품,바이오·헬스케어
138610,건강관리장비와용품,바이오·헬스케어
390110,건강관리장비와용품,바이오·헬스케어
229000,건강관리장비와용품,바이오·헬스케어
228850,건강관리장비와용품,바이오·헬스케어
253610,건강관리장비와용품,바이오·헬스케어
290660,건강관리장비와용품,바이오·헬스케어
010950,석유와가스,에너지·유틸리티
010955,석유와가스,에너지·유틸리티
078930,석유와가스,에너지·유틸리티
096770,석유와가스,에너지·유틸리티
0001A0,석유와가스,에너지·유틸리티
128820,석유와가스,에너지·유틸리티
024060,석유와가스,에너지·유틸리티
006120,석유와가스,에너지·유틸리티
078935,석유와가스,에너지·유틸리티
096775,석유와가스,에너지·유틸리티
012700,석유와가스,에너지·유틸리티
014530,석유와가스,에너지·유틸리티
126880,석유와가스,에너지·유틸리티
006125,석유와가스,에너지·유틸리티
000440,석유와가스,에너지·유틸리티
065420,석유와가스,에너지·유틸리티
03473K,석유와가스,에너지·유틸리티
002420,석유와가스,에너지·유틸리티
034730,석유와가스,에너지·유틸리티
178780,전문소매,유통·소비재
064240,전문소매,유통·소비재
064800,전문소매,유통·소비재
071840,전문소매,유통·소비재
080420,전문소매,유통·소비재
443670,IT서비스,소프트웨어·인터넷
294570,IT서비스,소프트웨어·인터넷
307870,IT서비스,소프트웨어·인터넷
032790,IT서비스,소프트웨어·인터넷
377030,IT서비스,소프트웨어·인터넷
234340,IT서비스,소프트웨어·인터넷
199480,IT서비스,소프트웨어·인터넷
389680,IT서비스,소프트웨어·인터넷
057680,IT서비스,소프트웨어·인터넷
372800,IT서비스,소프트웨어·인터넷
121060,IT서비스,소프트웨어·인터넷
052460,IT서비스,소프트웨어·인터넷
093320,IT서비스,소프트웨어·인터넷
483350,IT서비스,소프트웨어·인터넷
060250,IT서비스,소프트웨어·인터넷
094480,IT서비스,소프트웨어·인터넷
462860,IT서비스,소프트웨어·인터넷
311960,IT서비스,소프트웨어·인터넷
035600,IT서비스,소프트웨어·인터넷
279600,IT서비스,소프트웨어·인터넷
214180,IT서비스,소프트웨어·인터넷
424760,IT서비스,소프트웨어·인터넷
408470,IT서비스,소프트웨어·인터넷
328380,IT서비스,소프트웨어·인터넷
042500,IT서비스,소프트웨어·인터넷
018260,IT서비스,소프트웨어·인터넷
431190,IT서비스,소프트웨어·인터넷
064260,IT서비스,소프트웨어·인터넷
032685,IT서비스,소프트웨어·인터넷
052400,IT서비스,소프트웨어·인터넷
124500,IT서비스,소프트웨어·인터넷
303530,IT서비스,소프트웨어·인터넷
039290,IT서비스,소프트웨어·인터넷
377480,IT서비스,소프트웨어·인터넷
038680,IT서비스,소프트웨어·인터넷
046440,IT서비스,소프트웨어·인터넷
053300,IT서비스,소프트웨어·인터넷
069410,IT서비스,소프트웨어·인터넷
333050,IT서비스,소프트웨어·인터넷
054220,IT서비스,소프트웨어·인터넷
067920,IT서비스,소프트웨어·인터넷
315640,IT서비스,소프트웨어·인터넷
336060,IT서비스,소프트웨어·인터넷
041460,IT서비스,소프트웨어·인터넷
115500,IT서비스,소프트웨어·인터넷
261520,IT서비스,소프트웨어·인터넷
064400,IT서비스,소프트웨어·인터넷
115310,IT서비스,소프트웨어·인터넷
403360,IT서비스,소프트웨어·인터넷
052600,IT서비스,소프트웨어·인터넷
234300,IT서비스,소프트웨어·인터넷
462980,IT서비스,소프트웨어·인터넷
322180,IT서비스,소프트웨어·인터넷
242040,IT서비스,소프트웨어·인터넷
072770,IT서비스,소프트웨어·인터넷
022100,IT서비스,소프트웨어·인터넷
029480,IT서비스,소프트웨어·인터넷
377300,IT서비스,소프트웨어·인터넷
034310,IT서비스,소프트웨어·인터넷
067730,IT서비스,소프트웨어·인터넷
025770,IT서비스,소프트웨어·인터넷
351330,IT서비스,소프트웨어·인터넷
286940,IT서비스,소프트웨어·인터넷
012030,IT서비스,소프트웨어·인터넷
262840,IT서비스,소프트웨어·인터넷
079940,IT서비스,소프트웨어·인터넷
068100,IT서비스,소프트웨어·인터넷
444530,IT서비스,소프트웨어·인터넷
307950,IT서비스,소프트웨어·인터넷
042000,IT서비스,소프트웨어·인터넷
039420,IT서비스,소프트웨어·인터넷
067010,IT서비스,소프트웨어·인터넷
304100,IT서비스,소프트웨어·인터넷
486990,IT서비스,소프트웨어·인터넷
413640,IT서비스,소프트웨어·인터넷
033230,IT서비스,소프트웨어·인터넷
391710,IT서비스,소프트웨어·인터넷
035510,IT서비스,소프트웨어·인터넷
010280,IT서비스,소프트웨어·인터넷
173130,IT서비스,소프트웨어·인터넷
033130,IT서비스,소프트웨어·인터넷
267850,IT서비스,소프트웨어·인터넷
373170,IT서비스,소프트웨어·인터넷
007120,IT서비스,소프트웨어·인터넷
020180,IT서비스,소프트웨어·인터넷
038530,IT서비스,소프트웨어·인터넷
066410,IT서비스,소프트웨어·인터넷
163730,IT서비스,소프트웨어·인터넷
070590,IT서비스,소프트웨어·인터넷
263800,IT서비스,소프트웨어·인터넷
367000,IT서비스,소프트웨어·인터넷
064480,IT서비스,소프트웨어·인터넷
393210,IT서비스,소프트웨어·인터넷
181710,IT서비스,소프트웨어·인터넷
169330,IT서비스,소프트웨어·인터넷
356890,IT서비스,소프트웨어·인터넷
463020,IT서비스,소프트웨어·인터넷
032680,IT서비스,소프트웨어·인터넷
072130,IT서비스,소프트웨어·인터넷
031820,IT서비스,소프트웨어·인터넷
064850,IT서비스,소프트웨어·인터넷
243870,IT서비스,소프트웨어·인터넷
045510,IT서비스,소프트웨어·인터넷
403810,IT서비스,소프트웨어·인터넷
357880,IT서비스,소프트웨어·인터넷
232830,IT서비스,소프트웨어·인터넷
355390,IT서비스,소프트웨어·인터넷
065440,IT서비스,소프트웨어·인터넷
217880,IT서비스,소프트웨어·인터넷
452450,IT서비스,소프트웨어·인터넷
0007C0,IT서비스,소프트웨어·인터넷
488280,IT서비스,소프트웨어·인터넷
039980,IT서비스,소프트웨어·인터넷
040160,IT서비스,소프트웨어·인터넷
465480,IT서비스,소프트웨어·인터넷
040350,IT서비스,소프트웨어·인터넷
199150,IT서비스,소프트웨어·인터넷
189330,IT서비스,소프트웨어·인터넷
046970,컴퓨터와주변기기,IT·반도체
044380,컴퓨터와주변기기,IT·반도체
131180,컴퓨터와주변기기,IT·반도체
089150,컴퓨터와주변기기,IT·반도체
033320,컴퓨터와주변기기,IT·반도체
051380,컴퓨터와주변기기,IT·반도체
332370,컴퓨터와주변기기,IT·반도체
049480,컴퓨터와주변기기,IT·반도체
093190,컴퓨터와주변기기,IT·반도체
065690,컴퓨터와주변기기,IT·반도체
043360,컴퓨터와주변기기,IT·반도체
224110,컴퓨터와주변기기,IT·반도체
031860,컴퓨터와주변기기,IT·반도체
049550,컴퓨터와주변기기,IT·반도체
004920,컴퓨터와주변기기,IT·반도체
094940,컴퓨터와주변기기,IT·반도체
054800,컴퓨터와주변기기,IT·반도체
129890,컴퓨터와주변기기,IT·반도체
045660,컴퓨터와주변기기,IT·반도체
096690,컴퓨터와주변기기,IT·반도체
065650,컴퓨터와주변기기,IT·반도체
005360,문구류,유통·소비재
029780,카드,금융
020120,양방향미디어와서비스,소프트웨어·인터넷
202960,양방향미디어와서비스,소프트웨어·인터넷
134580,양방향미디어와서비스,소프트웨어·인터넷
408920,양방향미디어와서비스,소프트웨어·인터넷
067160,양방향미디어와서비스,소프트웨어·인터넷
300080,양방향미디어와서비스,소프트웨어·인터넷
035720,양방향미디어와서비스,소프트웨어·인터넷
035420,양방향미디어와서비스,소프트웨어·인터넷
214270,양방향미디어와서비스,소프트웨어·인터넷
376300,양방향미디어와서비스,소프트웨어·인터넷
417180,양방향미디어와서비스,소프트웨어·인터넷
207760,양방향미디어와서비스,소프트웨어·인터넷
317530,양방향미디어와서비스,소프트웨어·인터넷
289220,양방향미디어와서비스,소프트웨어·인터넷
443250,양방향미디어와서비스,소프트웨어·인터넷
089230,양방향미디어와서비스,소프트웨어·인터넷
114090,"호텔,레스토랑,레저",미디어·서비스
215000,"호텔,레스토랑,레저",미디어·서비스
032350,"호텔,레스토랑,레저",미디어·서비스
034230,"호텔,레스토랑,레저",미디어·서비스
36328K,"호텔,레스토랑,레저",미디어·서비스
039130,"호텔,레스토랑,레저",미디어·서비스
006730,"호텔,레스토랑,레저",미디어·서비스
499790,"호텔,레스토랑,레저",미디어·서비스
025980,"호텔,레스토랑,레저",미디어·서비스
035250,"호텔,레스토랑,레저",미디어·서비스
104620,"호텔,레스토랑,레저",미디어·서비스
080160,"호텔,레스토랑,레저",미디어·서비스
094850,"호텔,레스토랑,레저",미디어·서비스
111710,"호텔,레스토랑,레저",미디어·서비스
363280,"호텔,레스토랑,레저",미디어·서비스
019010,"호텔,레스토랑,레저",미디어·서비스
020710,"호텔,레스토랑,레저",미디어·서비스
070960,"호텔,레스토랑,레저",미디어·서비스
475560,"호텔,레스토랑,레저",미디어·서비스
000370,손해보험,금융
001450,손해보험,금융
031210,손해보험,금융
000400,손해보험,금융
000540,손해보험,금융
211050,손해보험,금융
244920,손해보험,금융
005830,손해보험,금융
000815,손해보험,금융
003690,손해보험,금융
000545,손해보험,금융
000810,손해보험,금융
071200,건강관리기술,소프트웨어·인터넷
394800,건강관리기술,소프트웨어·인터넷
032850,건강관리기술,소프트웨어·인터넷
380550,건강관리기술,소프트웨어·인터넷
328130,건강관리기술,소프트웨어·인터넷
322510,건강관리기술,소프트웨어·인터넷
032620,건강관리기술,소프트웨어·인터넷
458870,건강관리기술,소프트웨어·인터넷
384470,건강관리기술,소프트웨어·인터넷
035610,건강관리기술,소프트웨어·인터넷
338220,건강관리기술,소프트웨어·인터넷
099750,건강관리기술,소프트웨어·인터넷
331920,생물공학,바이오·헬스케어
216400,생물공학,바이오·헬스케어
109820,생물공학,바이오·헬스케어
446440,생물공학,바이오·헬스케어
206650,생물공학,바이오·헬스케어
086900,생물공학,바이오·헬스케어
145020,생물공학,바이오·헬스케어
299660,생물공학,바이오·헬스케어
950260,생물공학,바이오·헬스케어
187420,생물공학,바이오·헬스케어
185490,생물공학,바이오·헬스케어
064550,생물공학,바이오·헬스케어
388610,생물공학,바이오·헬스케어
078160,생물공학,바이오·헬스케어
196170,생물공학,바이오·헬스케어
087010,생물공학,바이오·헬스케어
154030,생물공학,바이오·헬스케어
322970,생물공학,바이오·헬스케어
038070,생물공학,바이오·헬스케어
092040,생물공학,바이오·헬스케어
304360,생물공학,바이오·헬스케어
217730,생물공학,바이오·헬스케어
298380,생물공학,바이오·헬스케어
067370,생물공학,바이오·헬스케어
054050,생물공학,바이오·헬스케어
084990,생물공학,바이오·헬스케어
358570,생물공학,바이오·헬스케어
388870,생물공학,바이오·헬스케어
049960,생물공학,바이오·헬스케어
251120,생물공학,바이오·헬스케어
263050,생물공학,바이오·헬스케어
352770,생물공학,바이오·헬스케어
215570,생물공학,바이오·헬스케어
011000,생물공학,바이오·헬스케어
066830,생물공학,바이오·헬스케어
950160,생물공학,바이오·헬스케어
389030,생물공학,바이오·헬스케어
476040,생물공학,바이오·헬스케어
338840,생물공학,바이오·헬스케어
348080,생물공학,바이오·헬스케어
095700,생물공학,바이오·헬스케어
476830,생물공학,바이오·헬스케어
298060,생물공학,바이오·헬스케어
246710,생물공학,바이오·헬스케어
086820,생물공학,바이오·헬스케어
222110,생물공학,바이오·헬스케어
373110,생물공학,바이오·헬스케어
347850,생물공학,바이오·헬스케어
199800,생물공학,바이오·헬스케어
372320,생물공학,바이오·헬스케어
191420,생물공학,바이오·헬스케어
0009K0,생물공학,바이오·헬스케어
196300,생물공학,바이오·헬스케어
166480,생물공학,바이오·헬스케어
007390,생물공학,바이오·헬스케어
002630,생물공학,바이오·헬스케어
464490,생물공학,바이오·헬스케어
468530,생물공학,바이오·헬스케어
174900,생물공학,바이오·헬스케어
175330,은행,금융
316140,은행,금융
139130,은행,금융
105560,은행,금융
086790,은행,금융
024110,은행,금융
323410,은행,금융
279570,은행,금융
138930,은행,금융
055550,은행,금융
006220,은행,금융
090470,전자장비와기기,IT·반도체
004770,전자장비와기기,IT·반도체
254120,전자장비와기기,IT·반도체
011690,전자장비와기기,IT·반도체
417010,전자장비와기기,IT·반도체
055490,전자장비와기기,IT·반도체
072990,전자장비와기기,IT·반도체
082210,전자장비와기기,IT·반도체
015260,전자장비와기기,IT·반도체
464080,전자장비와기기,IT·반도체
009150,전자장비와기기,IT·반도체
053450,전자장비와기기,IT·반도체
011070,전자장비와기기,IT·반도체
290670,전자장비와기기,IT·반도체
054090,전자장비와기기,IT·반도체
493330,전자장비와기기,IT·반도체
009155,전자장비와기기,IT·반도체
084850,전자장비와기기,IT·반도체
262260,전자장비와기기,IT·반도체
101140,전자장비와기기,IT·반도체
236200,전자장비와기기,IT·반도체
248070,전자장비와기기,IT·반도체
091340,전자장비와기기,IT·반도체
031330,전자장비와기기,IT·반도체
370090,전자장비와기기,IT·반도체
085670,전자장비와기기,IT·반도체
143160,전자장비와기기,IT·반도체
372170,전자장비와기기,IT·반도체
127980,전자장비와기기,IT·반도체
066900,전자장비와기기,IT·반도체
016920,전자장비와기기,IT·반도체
027040,전자장비와기기,IT·반도체
347890,전자장비와기기,IT·반도체
037950,전자장비와기기,IT·반도체
336370,전자장비와기기,IT·반도체
317770,전자장비와기기,IT·반도체
017250,전자장비와기기,IT·반도체
020150,전자장비와기기,IT·반도체
00781K,전자장비와기기,IT·반도체
203450,전자장비와기기,IT·반도체
051370,전자장비와기기,IT·반도체
0011A0,전자장비와기기,IT·반도체
00806K,전자장비와기기,IT·반도체
044990,전자장비와기기,IT·반도체
083640,전자장비와기기,IT·반도체
089980,전자장비와기기,IT·반도체
191600,전자장비와기기,IT·반도체
238500,전자장비와기기,IT·반도체
263810,전자장비와기기,IT·반도체
33637L,전자장비와기기,IT·반도체
340930,전자장비와기기,IT·반도체
347000,전자장비와기기,IT·반도체
277880,전자장비와기기,IT·반도체
209640,전자장비와기기,IT·반도체
140860,전자장비와기기,IT·반도체
011230,전자장비와기기,IT·반도체
299030,전자장비와기기,IT·반도체
355690,전자장비와기기,IT·반도체
361670,전자장비와기기,IT·반도체
455180,전자장비와기기,IT·반도체
090460,전자장비와기기,IT·반도체
333620,전자장비와기기,IT·반도체
417790,전자장비와기기,IT·반도체
069510,전자장비와기기,IT·반도체
131400,전자장비와기기,IT·반도체
078600,전자장비와기기,IT·반도체
004270,전자장비와기기,IT·반도체
033200,전자장비와기기,IT·반도체
35320K,전자장비와기기,IT·반도체
33637K,전자장비와기기,IT·반도체
094840,전자장비와기기,IT·반도체
092300,전자장비와기기,IT·반도체
161580,전자장비와기기,IT·반도체
057540,전자장비와기기,IT·반도체
089010,전자장비와기기,IT·반도체
007810,전자장비와기기,IT·반도체
320000,전자장비와기기,IT·반도체
368600,전자장비와기기,IT·반도체
187220,전자장비와기기,IT·반도체
081180,전자장비와기기,IT·반도체
098460,전자장비와기기,IT·반도체
318020,전자장비와기기,IT·반도체
007815,전자장비와기기,IT·반도체
360350,전자장비와기기,IT·반도체
360070,전자장비와기기,IT·반도체
004710,전자장비와기기,IT·반도체
032960,전자장비와기기,IT·반도체
323280,전자장비와기기,IT·반도체
168360,전자장비와기기,IT·반도체
008060,전자장비와기기,IT·반도체
052960,전자장비와기기,IT·반도체
331380,전자장비와기기,IT·반도체
364950,전자장비와기기,IT·반도체
225190,전자장비와기기,IT·반도체
114190,전자장비와기기,IT·반도체
222800,전자장비와기기,IT·반도체
264850,전자장비와기기,IT·반도체
353200,전자장비와기기,IT·반도체
396300,전자장비와기기,IT·반도체
072950,전자장비와기기,IT·반도체
446540,전자장비와기기,IT·반도체
109740,전자장비와기기,IT·반도체
017900,전자장비와기기,IT·반도체
060230,전자장비와기기,IT·반도체
368770,전자장비와기기,IT·반도체
950190,게임엔터테인먼트,소프트웨어·인터넷
201490,게임엔터테인먼트,소프트웨어·인터넷
194480,게임엔터테인먼트,소프트웨어·인터넷
094860,게임엔터테인먼트,소프트웨어·인터넷
069080,게임엔터테인먼트,소프트웨어·인터넷
192080,게임엔터테인먼트,소프트웨어·인터넷
251270,게임엔터테인먼트,소프트웨어·인터넷
263750,게임엔터테인먼트,소프트웨어·인터넷
095660,게임엔터테인먼트,소프트웨어·인터넷
078340,게임엔터테인먼트,소프트웨어·인터넷
067000,게임엔터테인먼트,소프트웨어·인터넷
259960,게임엔터테인먼트,소프트웨어·인터넷
058630,게임엔터테인먼트,소프트웨어·인터넷
123420,게임엔터테인먼트,소프트웨어·인터넷
225570,게임엔터테인먼트,소프트웨어·인터넷
036570,게임엔터테인먼트,소프트웨어·인터넷
052790,게임엔터테인먼트,소프트웨어·인터넷
293490,게임엔터테인먼트,소프트웨어·인터넷
042420,게임엔터테인먼트,소프트웨어·인터넷
462870,게임엔터테인먼트,소프트웨어·인터넷
205500,게임엔터테인먼트,소프트웨어·인터넷
348030,게임엔터테인먼트,소프트웨어·인터넷
266350,게임엔터테인먼트,소프트웨어·인터넷
030350,게임엔터테인먼트,소프트웨어·인터넷
217270,게임엔터테인먼트,소프트웨어·인터넷
052770,게임엔터테인먼트,소프트웨어·인터넷
047080,게임엔터테인먼트,소프트웨어·인터넷
023770,게임엔터테인먼트,소프트웨어·인터넷
101730,게임엔터테인먼트,소프트웨어·인터넷
112040,게임엔터테인먼트,소프트웨어·인터넷
208640,게임엔터테인먼트,소프트웨어·인터넷
204610,게임엔터테인먼트,소프트웨어·인터넷
331520,게임엔터테인먼트,소프트웨어·인터넷
063080,게임엔터테인먼트,소프트웨어·인터넷
284740,가정용기기와용품,유통·소비재
037070,가정용기기와용품,유통·소비재
042600,가정용기기와용품,유통·소비재
021240,가정용기기와용품,유통·소비재
376180,가정용기기와용품,유통·소비재
487580,가정용기기와용품,유통·소비재
002700,가정용기기와용품,유통·소비재
066130,가정용기기와용품,유통·소비재
407400,가정용기기와용품,유통·소비재
009450,가정용기기와용품,유통·소비재
044340,가정용기기와용품,유통·소비재
192400,가정용기기와용품,유통·소비재
352090,가정용기기와용품,유통·소비재
256150,가정용기기와용품,유통·소비재
024940,가정용기기와용품,유통·소비재
342870,가정용기기와용품,유통·소비재
014470,가정용기기와용품,유통·소비재
065350,가정용기기와용품,유통·소비재
270660,가정용기기와용품,유통·소비재
317870,가정용기기와용품,유통·소비재
175140,전자제품,IT·반도체
092600,전자제품,IT·반도체
008700,전자제품,IT·반도체
066570,전자제품,IT·반도체
032540,전자제품,IT·반도체
066575,전자제품,IT·반도체
009140,전자제품,IT·반도체
089850,전자제품,IT·반도체
038950,전자제품,IT·반도체
154040,전자제품,IT·반도체
084730,전자제품,IT·반도체
297570,전자제품,IT·반도체
078890,전자제품,IT·반도체
032750,전자제품,IT·반도체
028080,전자제품,IT·반도체
115160,전자제품,IT·반도체
233990,가정용품,유통·소비재
012690,가정용품,유통·소비재
331660,가정용품,유통·소비재
317240,가정용품,유통·소비재
110020,가정용품,유통·소비재
009770,가정용품,유통·소비재
033050,가정용품,유통·소비재
053620,가정용품,유통·소비재
225430,가정용품,유통·소비재
299480,가정용품,유통·소비재
318410,가정용품,유통·소비재
351870,광고,미디어·서비스
214320,광고,미디어·서비스
030000,광고,미디어·서비스
050090,광고,미디어·서비스
048550,광고,미디어·서비스
216050,광고,미디어·서비스
035000,광고,미디어·서비스
010470,광고,미디어·서비스
123570,광고,미디어·서비스
089600,광고,미디어·서비스
397810,광고,미디어·서비스
362990,광고,미디어·서비스
458350,광고,미디어·서비스
273060,광고,미디어·서비스
363260,광고,미디어·서비스
236810,광고,미디어·서비스
0039P0,광고,미디어·서비스
237820,광고,미디어·서비스
291230,광고,미디어·서비스
278990,판매업체,유통·소비재
019660,판매업체,유통·소비재
063170,판매업체,유통·소비재
051160,판매업체,유통·소비재
052020,판매업체,유통·소비재
051390,판매업체,유통·소비재
003580,판매업체,유통·소비재
039740,판매업체,유통·소비재
102370,판매업체,유통·소비재
032860,판매업체,유통·소비재
064090,판매업체,유통·소비재
009810,판매업체,유통·소비재
007720,판매업체,유통·소비재
079650,건축자재,화학·소재
008260,건축자재,화학·소재
183190,건축자재,화학·소재
000390,건축자재,화학·소재
300720,건축자재,화학·소재
002030,건축자재,화학·소재
225530,건축자재,화학·소재
000325,건축자재,화학·소재
228340,건축자재,화학·소재
001520,건축자재,화학·소재
004980,건축자재,화학·소재
000320,건축자재,화학·소재
000860,건축자재,화학·소재
011390,건축자재,화학·소재
006920,건축자재,화학·소재
039020,건축자재,화학·소재
001525,건축자재,화학·소재
000910,건축자재,화학·소재
090350,건축자재,화학·소재
198440,건축자재,화학·소재
108670,건축자재,화학·소재
003300,건축자재,화학·소재
007210,건축자재,화학·소재
004985,건축자재,화학·소재
344820,건축자재,화학·소재
090355,건축자재,화학·소재
002380,건축자재,화학·소재
038500,건축자재,화학·소재
004440,건축자재,화학·소재
060560,건축자재,화학·소재
023410,건축자재,화학·소재
112190,건축자재,화학·소재
186230,건축자재,화학·소재
171120,건축자재,화학·소재
007110,건축자재,화학·소재
025750,건축자재,화학·소재
090410,건축자재,화학·소재
254160,건축자재,화학·소재
234070,건축자재,화학·소재
109610,건축자재,화학·소재
004910,건축자재,화학·소재
108675,건축자재,화학·소재
004870,건축자재,화학·소재
058730,건축자재,화학·소재
008250,건축자재,화학·소재
365330,건축자재,화학·소재
446070,건축자재,화학·소재
001527,건축자재,화학·소재
255220,건축자재,화학·소재
025900,건축자재,화학·소재
192390,건축자재,화학·소재
221800,건강관리업체및서비스,바이오·헬스케어
065170,건강관리업체및서비스,바이오·헬스케어
044820,건강관리업체및서비스,바이오·헬스케어
222040,건강관리업체및서비스,바이오·헬스케어
200130,건강관리업체및서비스,바이오·헬스케어
439580,건강관리업체및서비스,바이오·헬스케어
251280,건강관리업체및서비스,바이오·헬스케어
348150,건강관리업체및서비스,바이오·헬스케어
376270,건강관리업체및서비스,바이오·헬스케어
357230,건강관리업체및서비스,바이오·헬스케어
226330,건강관리업체및서비스,바이오·헬스케어
353190,건강관리업체및서비스,바이오·헬스케어
194700,건강관리업체및서비스,바이오·헬스케어
293780,건강관리업체및서비스,바이오·헬스케어
365660,건강관리업체및서비스,바이오·헬스케어
085660,건강관리업체및서비스,바이오·헬스케어
238200,건강관리업체및서비스,바이오·헬스케어
318010,건강관리업체및서비스,바이오·헬스케어
123840,건강관리업체및서비스,바이오·헬스케어
086220,건강관리업체및서비스,바이오·헬스케어
144510,건강관리업체및서비스,바이오·헬스케어
263700,건강관리업체및서비스,바이오·헬스케어
239610,건강관리업체및서비스,바이오·헬스케어
217330,건강관리업체및서비스,바이오·헬스케어
214370,건강관리업체및서비스,바이오·헬스케어
377220,건강관리업체및서비스,바이오·헬스케어
180400,건강관리업체및서비스,바이오·헬스케어
270870,건강관리업체및서비스,바이오·헬스케어
043710,건강관리업체및서비스,바이오·헬스케어
246960,건강관리업체및서비스,바이오·헬스케어
028670,해운사,운송·물류
005880,해운사,운송·물류
124560,해운사,운송·물류
003280,해운사,운송·물류
129260,해운사,운송·물류
011200,해운사,운송·물류
067900,해운사,운송·물류
044450,해운사,운송·물류
054300,해운사,운송·물류
465770,해운사,운송·물류
109070,해운사,운송·물류
071950,가구,유통·소비재
009240,가구,유통·소비재
309930,가구,유통·소비재
016800,가구,유통·소비재
003800,가구,유통·소비재
013890,가구,유통·소비재
073190,가구,유통·소비재
079430,가구,유통·소비재
134790,가구,유통·소비재
415380,가구,유통·소비재
011090,가구,유통·소비재
210120,방송과엔터테인먼트,미디어·서비스
078860,방송과엔터테인먼트,미디어·서비스
058400,방송과엔터테인먼트,미디어·서비스
036420,방송과엔터테인먼트,미디어·서비스
206560,방송과엔터테인먼트,미디어·서비스
048910,방송과엔터테인먼트,미디어·서비스
104200,방송과엔터테인먼트,미디어·서비스
033830,방송과엔터테인먼트,미디어·서비스
173940,방송과엔터테인먼트,미디어·서비스
476080,방송과엔터테인먼트,미디어·서비스
079160,방송과엔터테인먼트,미디어·서비스
037270,방송과엔터테인먼트,미디어·서비스
473980,방송과엔터테인먼트,미디어·서비스
032800,방송과엔터테인먼트,미디어·서비스
041510,방송과엔터테인먼트,미디어·서비스
122870,방송과엔터테인먼트,미디어·서비스
040300,방송과엔터테인먼트,미디어·서비스
253450,방송과엔터테인먼트,미디어·서비스
037560,방송과엔터테인먼트,미디어·서비스
241840,방송과엔터테인먼트,미디어·서비스
389140,방송과엔터테인먼트,미디어·서비스
068050,방송과엔터테인먼트,미디어·서비스
035900,방송과엔터테인먼트,미디어·서비스
352820,방송과엔터테인먼트,미디어·서비스
060570,방송과엔터테인먼트,미디어·서비스
035760,방송과엔터테인먼트,미디어·서비스
063440,방송과엔터테인먼트,미디어·서비스
182360,방송과엔터테인먼트,미디어·서비스
053210,방송과엔터테인먼트,미디어·서비스
039340,방송과엔터테인먼트,미디어·서비스
054780,방송과엔터테인먼트,미디어·서비스
322780,방송과엔터테인먼트,미디어·서비스
086980,방송과엔터테인먼트,미디어·서비스
464580,방송과엔터테인먼트,미디어·서비스
369370,방송과엔터테인먼트,미디어·서비스
361570,방송과엔터테인먼트,미디어·서비스
044480,방송과엔터테인먼트,미디어·서비스
403850,방송과엔터테인먼트,미디어·서비스
034120,방송과엔터테인먼트,미디어·서비스
302920,방송과엔터테인먼트,미디어·서비스
476710,방송과엔터테인먼트,미디어·서비스
266170,방송과엔터테인먼트,미디어·서비스
066790,방송과엔터테인먼트,미디어·서비스
052220,방송과엔터테인먼트,미디어·서비스
047820,방송과엔터테인먼트,미디어·서비스
160550,방송과엔터테인먼트,미디어·서비스
131100,방송과엔터테인먼트,미디어·서비스
200350,방송과엔터테인먼트,미디어·서비스
419530,방송과엔터테인먼트,미디어·서비스
408900,방송과엔터테인먼트,미디어·서비스
043610,방송과엔터테인먼트,미디어·서비스
046390,방송과엔터테인먼트,미디어·서비스
012170,방송과엔터테인먼트,미디어·서비스
310200,방송과엔터테인먼트,미디어·서비스
035620,방송과엔터테인먼트,미디어·서비스
058450,방송과엔터테인먼트,미디어·서비스
321820,방송과엔터테인먼트,미디어·서비스
065710,운송인프라,운송·물류
415640,운송인프라,운송·물류
088980,운송인프라,운송·물류
045340,운송인프라,운송·물류
003100,운송인프라,운송·물류
038620,운송인프라,운송·물류
005430,운송인프라,운송·물류
121890,운송인프라,운송·물류
030200,다각화된통신서비스,통신
122830,다각화된통신서비스,통신
036630,다각화된통신서비스,통신
033780,담배,식음료·담배
088350,생명보험,금융
032830,생명보험,금융
082640,생명보험,금융
085620,생명보험,금융
000650,도로와철도운송,운송·물류
045390,도로와철도운송,운송·물류
084670,도로와철도운송,운송·물류
403550,도로와철도운송,운송·물류
089860,도로와철도운송,운송·물류
024800,도로와철도운송,운송·물류
038390,도로와철도운송,운송·물류
095570,도로와철도운송,운송·물류
009070,항공화물운송과물류,운송·물류
000120,항공화물운송과물류,운송·물류
002320,항공화물운송과물류,운송·물류
004360,항공화물운송과물류,운송·물류
004140,항공화물운송과물류,운송·물류
004365,항공화물운송과물류,운송·물류
009180,항공화물운송과물류,운송·물류
014130,항공화물운송과물류,운송·물류
086280,항공화물운송과물류,운송·물류
032280,항공화물운송과물류,운송·물류
033290,항공화물운송과물류,운송·물류
000700,항공화물운송과물류,운송·물류
223220,항공화물운송과물류,운송·물류
298020,무역회사와판매업체,유통·소비재
001120,무역회사와판매업체,유통·소비재
011760,무역회사와판매업체,유통·소비재
047050,무역회사와판매업체,유통·소비재
001250,무역회사와판매업체,유통·소비재
38380K,무역회사와판매업체,유통·소비재
383800,무역회사와판매업체,유통·소비재
011810,무역회사와판매업체,유통·소비재
000880,복합기업,금융
001040,복합기업,금융
004800,복합기업,금융
00104K,복합기업,금융
000150,복합기업,금융
000155,복합기업,금융
003550,복합기업,금융
004990,복합기업,금융
000157,복합기업,금융
487570,복합기업,금융
003555,복합기업,금융
001045,복합기업,금융
00499K,복합기업,금융
002020,복합기업,금융
002025,복합기업,금융
004150,복합기업,금융
028260,복합기업,금융
122450,복합기업,금융
02826K,복합기업,금융
005440,복합기업,금융
0220W0,복합기업,금융
00088K,복합기업,금융
001740,복합기업,금융
0220WL,복합기업,금융
339950,교육서비스,미디어·서비스
373160,교육서비스,미디어·서비스
072870,교육서비스,미디어·서비스
461300,교육서비스,미디어·서비스
215200,교육서비스,미디어·서비스
057030,교육서비스,미디어·서비스
475580,교육서비스,미디어·서비스
067280,교육서비스,미디어·서비스
100220,교육서비스,미디어·서비스
095720,교육서비스,미디어·서비스
084440,교육서비스,미디어·서비스
019680,교육서비스,미디어·서비스
208890,교육서비스,미디어·서비스
068930,교육서비스,미디어·서비스
457600,교육서비스,미디어·서비스
019685,교육서비스,미디어·서비스
133750,교육서비스,미디어·서비스
040420,교육서비스,미디어·서비스
134060,교육서비스,미디어·서비스
215100,교육서비스,미디어·서비스
053290,교육서비스,미디어·서비스
289010,교육서비스,미디어·서비스
096240,교육서비스,미디어·서비스
035290,교육서비스,미디어·서비스
052300,건축제품,건설·부동산
006570,건축제품,건설·부동산
079000,건축제품,건설·부동산
035200,건축제품,건설·부동산
014280,건축제품,건설·부동산
014285,건축제품,건설·부동산
060260,건축제품,건설·부동산
006050,건축제품,건설·부동산
022220,건축제품,건설·부동산
005750,건축제품,건설·부동산
018310,건축제품,건설·부동산
010640,화학,화학·소재
177350,화학,화학·소재
051630,화학,화학·소재
285130,화학,화학·소재
006650,화학,화학·소재
120110,화학,화학·소재
025860,화학,화학·소재
014830,화학,화학·소재
298050,화학,화학·소재
007690,화학,화학·소재
025000,화학,화학·소재
011170,화학,화학·소재
017890,화학,화학·소재
101360,화학,화학·소재
033500,화학,화학·소재
005690,화학,화학·소재
268280,화학,화학·소재
28513K,화학,화학·소재
092230,화학,화학·소재
004000,화학,화학·소재
456040,화학,화학·소재
097870,화학,화학·소재
002840,화학,화학·소재
000070,화학,화학·소재
002360,화학,화학·소재
003240,화학,화학·소재
001550,화학,화학·소재
005950,화학,화학·소재
120115,화학,화학·소재
083420,화학,화학·소재
011780,화학,화학·소재
017860,화학,화학·소재
003780,화학,화학·소재
027410,화학,화학·소재
007770,화학,화학·소재
023900,화학,화학·소재
178920,화학,화학·소재
102260,화학,화학·소재
069260,화학,화학·소재
011790,화학,화학·소재
004090,화학,화학·소재
003670,화학,화학·소재
014440,화학,화학·소재
0010F0,화학,화학·소재
101240,화학,화학·소재
004430,화학,화학·소재
136410,화학,화학·소재
051915,화학,화학·소재
036670,화학,화학·소재
006890,화학,화학·소재
003650,화학,화학·소재
012610,화학,화학·소재
051910,화학,화학·소재
003830,화학,화학·소재
126600,화학,화학·소재
011785,화학,화학·소재
187790,화학,화학·소재
120240,화학,화학·소재
002960,화학,화학·소재
001340,화학,화학·소재
163560,화학,화학·소재
318000,화학,화학·소재
298000,화학,화학·소재
104480,화학,화학·소재
000760,화학,화학·소재
007590,화학,화학·소재
107590,화학,화학·소재
002100,화학,화학·소재
900290,화학,화학·소재
005420,화학,화학·소재
251370,화학,화학·소재
036640,화학,화학·소재
050760,화학,화학·소재
000210,화학,화학·소재
001570,화학,화학·소재
003080,화학,화학·소재
006380,화학,화학·소재
238540,화학,화학·소재
285800,화학,화학·소재
286750,화학,화학·소재
332290,화학,화학·소재
352940,화학,화학·소재
103660,화학,화학·소재
091970,화학,화학·소재
222420,화학,화학·소재
014190,화학,화학·소재
008370,화학,화학·소재
294140,화학,화학·소재
163280,화학,화학·소재
104830,화학,화학·소재
066430,화학,화학·소재
010060,화학,화학·소재
024070,화학,화학·소재
357550,화학,화학·소재
023450,화학,화학·소재
220260,화학,화학·소재
134380,화학,화학·소재
196700,화학,화학·소재
027580,화학,화학·소재
045060,화학,화학·소재
003720,화학,화학·소재
005070,화학,화학·소재
002810,화학,화학·소재
457190,화학,화학·소재
000215,화학,화학·소재
048830,화학,화학·소재
042040,화학,화학·소재
115570,화학,화학·소재
011500,화학,화학·소재
121600,화학,화학·소재
125210,화학,화학·소재
014680,화학,화학·소재
221980,화학,화학·소재
013000,화학,화학·소재
281740,화학,화학·소재
006840,화학,화학·소재
086520,화학,화학·소재
004840,화학,화학·소재
247660,화학,화학·소재
093370,화학,화학·소재
161000,화학,화학·소재
217910,화학,화학·소재
045520,화학,화학·소재
060310,기계,기계·전기장비
023160,기계,기계·전기장비
014620,기계,기계·전기장비
417970,기계,기계·전기장비
480370,기계,기계·전기장비
044780,기계,기계·전기장비
079900,기계,기계·전기장비
034020,기계,기계·전기장비
013810,기계,기계·전기장비
015590,기계,기계·전기장비
003010,기계,기계·전기장비
012210,기계,기계·전기장비
067170,기계,기계·전기장비
114920,기계,기계·전기장비
105840,기계,기계·전기장비
241560,기계,기계·전기장비
092440,기계,기계·전기장비
071670,기계,기계·전기장비
104460,기계,기계·전기장비
297090,기계,기계·전기장비
053160,기계,기계·전기장비
129920,기계,기계·전기장비
041440,기계,기계·전기장비
108230,기계,기계·전기장비
317850,기계,기계·전기장비
043340,기계,기계·전기장비
015230,기계,기계·전기장비
011700,기계,기계·전기장비
090710,기계,기계·전기장비
008470,기계,기계·전기장비
140670,기계,기계·전기장비
056080,기계,기계·전기장비
010240,기계,기계·전기장비
095190,기계,기계·전기장비
008830,기계,기계·전기장비
138360,기계,기계·전기장비
013030,기계,기계·전기장비
000850,기계,기계·전기장비
105740,기계,기계·전기장비
210540,기계,기계·전기장비
000490,기계,기계·전기장비
159010,기계,기계·전기장비
282880,기계,기계·전기장비
019990,기계,기계·전기장비
033540,기계,기계·전기장비
017800,기계,기계·전기장비
036560,기계,기계·전기장비
043220,기계,기계·전기장비
051490,기계,기계·전기장비
059270,기계,기계·전기장비
068240,기계,기계·전기장비
073640,기계,기계·전기장비
074610,기계,기계·전기장비
100660,기계,기계·전기장비
109860,기계,기계·전기장비
138070,기계,기계·전기장비
496320,기계,기계·전기장비
452280,기계,기계·전기장비
024880,기계,기계·전기장비
101680,기계,기계·전기장비
019210,기계,기계·전기장비
039610,기계,기계·전기장비
119500,기계,기계·전기장비
195990,기계,기계·전기장비
089140,기계,기계·전기장비
004380,기계,기계·전기장비
049430,기계,기계·전기장비
050860,기계,기계·전기장비
049800,기계,기계·전기장비
053080,기계,기계·전기장비
413630,기계,기계·전기장비
002900,기계,기계·전기장비
099440,기계,기계·전기장비
101170,기계,기계·전기장비
048770,기계,기계·전기장비
475400,기계,기계·전기장비
056190,기계,기계·전기장비
317830,기계,기계·전기장비
484810,기계,기계·전기장비
348340,기계,기계·전기장비
017550,기계,기계·전기장비
319400,기계,기계·전기장비
010660,기계,기계·전기장비
117730,기계,기계·전기장비
381620,기계,기계·전기장비
388720,기계,기계·전기장비
454910,기계,기계·전기장비
160190,기계,기계·전기장비
251630,기계,기계·전기장비
086670,기계,기계·전기장비
007820,기계,기계·전기장비
036890,기계,기계·전기장비
090360,기계,기계·전기장비
459510,기계,기계·전기장비
439960,기계,기계·전기장비
267270,기계,기계·전기장비
0004V0,기계,기계·전기장비
277810,기계,기계·전기장비
389500,기계,기계·전기장비
153890,기계,기계·전기장비
466100,기계,기계·전기장비
474650,기계,기계·전기장비
108490,기계,기계·전기장비
199430,기계,기계·전기장비
263720,출판,미디어·서비스
418470,출판,미디어·서비스
016880,출판,미디어·서비스
127710,출판,미디어·서비스
068290,출판,미디어·서비스
036000,출판,미디어·서비스
084180,출판,미디어·서비스
432430,출판,미디어·서비스
003535,증권,금융
003530,증권,금융
023590,증권,금융
138040,증권,금융
032190,증권,금융
001200,증권,금융
016610,증권,금융
078020,증권,금융
003545,증권,금융
030610,증권,금융
190650,증권,금융
003465,증권,금융
001750,증권,금융
003540,증권,금융
003547,증권,금융
003475,증권,금융
005945,증권,금융
000680,증권,금융
001500,증권,금융
016360,증권,금융
005940,증권,금융
006800,증권,금융
003470,증권,금융
071055,증권,금융
239340,증권,금융
001270,증권,금융
001275,증권,금융
001290,증권,금융
071050,증권,금융
001720,증권,금융
003460,증권,금융
039490,증권,금융
064820,증권,금융
006805,증권,금융
001755,증권,금융
030210,증권,금융
00680K,증권,금융
001510,증권,금융
001515,증권,금융
223310,식품과기본식료품소매,유통·소비재
051500,식품과기본식료품소매,유통·소비재
006880,식품과기본식료품소매,유통·소비재
004590,식품과기본식료품소매,유통·소비재
227840,식품과기본식료품소매,유통·소비재
250000,식품과기본식료품소매,유통·소비재
289170,식품과기본식료품소매,유통·소비재
009160,비철금속,철강·금속
103140,비철금속,철강·금속
006110,비철금속,철강·금속
054410,비철금속,철강·금속
462520,비철금속,철강·금속
014580,비철금속,철강·금속
058430,비철금속,철강·금속
008355,비철금속,철강·금속
155660,비철금속,철강·금속
081000,비철금속,철강·금속
256940,비철금속,철강·금속
037370,비철금속,철강·금속
032560,비철금속,철강·금속
128660,비철금속,철강·금속
001560,비철금속,철강·금속
081150,비철금속,철강·금속
900250,비철금속,철강·금속
024090,비철금속,철강·금속
008350,비철금속,철강·금속
005810,비철금속,철강·금속
054920,비철금속,철강·금속
015890,비철금속,철강·금속
010040,비철금속,철강·금속
010130,비철금속,철강·금속
009730,비철금속,철강·금속
001780,비철금속,철강·금속
258050,비철금속,철강·금속
069460,비철금속,철강·금속
018470,비철금속,철강·금속
009620,비철금속,철강·금속
000480,비철금속,철강·금속
004560,비철금속,철강·금속
025820,비철금속,철강·금속
075970,비철금속,철강·금속
079170,비철금속,철강·금속
021050,비철금속,철강·금속
060480,비철금속,철강·금속
012800,비철금속,철강·금속
012320,비철금속,철강·금속
295310,비철금속,철강·금속
121850,디스플레이장비및부품,IT·반도체
001210,디스플레이장비및부품,IT·반도체
092590,디스플레이장비및부품,IT·반도체
347770,디스플레이장비및부품,IT·반도체
475660,디스플레이장비및부품,IT·반도체
171090,디스플레이장비및부품,IT·반도체
079950,디스플레이장비및부품,IT·반도체
238490,디스플레이장비및부품,IT·반도체
092190,디스플레이장비및부품,IT·반도체
321260,디스플레이장비및부품,IT·반도체
239890,디스플레이장비및부품,IT·반도체
162120,디스플레이장비및부품,IT·반도체
256630,디스플레이장비및부품,IT·반도체
069330,디스플레이장비및부품,IT·반도체
149950,디스플레이장비및부품,IT·반도체
067770,디스플레이장비및부품,IT·반도체
040910,디스플레이장비및부품,IT·반도체
083470,디스플레이장비및부품,IT·반도체
131760,디스플레이장비및부품,IT·반도체
073110,디스플레이장비및부품,IT·반도체
052420,디스플레이장비및부품,IT·반도체
351320,디스플레이장비및부품,IT·반도체
106240,디스플레이장비및부품,IT·반도체
049950,디스플레이장비및부품,IT·반도체
177830,디스플레이장비및부품,IT·반도체
457370,디스플레이장비및부품,IT·반도체
297890,디스플레이장비및부품,IT·반도체
036090,디스플레이장비및부품,IT·반도체
123860,디스플레이장비및부품,IT·반도체
088130,디스플레이장비및부품,IT·반도체
056700,디스플레이장비및부품,IT·반도체
207490,디스플레이장비및부품,IT·반도체
143540,디스플레이장비및부품,IT·반도체
009310,디스플레이장비및부품,IT·반도체
0218L0,디스플레이장비및부품,IT·반도체
095500,디스플레이장비및부품,IT·반도체
094970,디스플레이장비및부품,IT·반도체
082850,디스플레이장비및부품,IT·반도체
037330,디스플레이장비및부품,IT·반도체
054040,디스플레이장비및부품,IT·반도체
037400,디스플레이장비및부품,IT·반도체
311060,디스플레이장비및부품,IT·반도체
096870,디스플레이장비및부품,IT·반도체
290690,디스플레이장비및부품,IT·반도체
272290,디스플레이장비및부품,IT·반도체
038060,디스플레이장비및부품,IT·반도체
059100,디스플레이장비및부품,IT·반도체
063760,디스플레이장비및부품,IT·반도체
141000,디스플레이장비및부품,IT·반도체
213420,디스플레이장비및부품,IT·반도체
469610,디스플레이장비및부품,IT·반도체
046890,디스플레이장비및부품,IT·반도체
068790,디스플레이장비및부품,IT·반도체
419080,디스플레이장비및부품,IT·반도체
250930,디스플레이장비및부품,IT·반도체
078150,디스플레이장비및부품,IT·반도체
049120,디스플레이장비및부품,IT·반도체
290520,디스플레이장비및부품,IT·반도체
083500,디스플레이장비및부품,IT·반도체
265520,디스플레이장비및부품,IT·반도체
108320,디스플레이장비및부품,IT·반도체
484120,디스플레이장비및부품,IT·반도체
137080,디스플레이장비및부품,IT·반도체
187870,디스플레이장비및부품,IT·반도체
155650,디스플레이장비및부품,IT·반도체
051360,디스플레이장비및부품,IT·반도체
371950,디스플레이장비및부품,IT·반도체
036170,디스플레이장비및부품,IT·반도체
255440,디스플레이장비및부품,IT·반도체
102950,디스플레이장비및부품,IT·반도체
153490,디스플레이장비및부품,IT·반도체
307180,디스플레이장비및부품,IT·반도체
041190,창업투자,금융
307930,창업투자,금융
241520,창업투자,금융
246690,창업투자,금융
440290,창업투자,금융
021080,창업투자,금융
019570,창업투자,금융
019550,창업투자,금융
026890,창업투자,금융
027830,창업투자,금융
452300,창업투자,금융
330730,창업투자,금융
477470,창업투자,금융
487360,창업투자,금융
488060,창업투자,금융
489730,창업투자,금융
474930,창업투자,금융
478390,창업투자,금융
293580,창업투자,금융
309960,창업투자,금융
0096D0,창업투자,금융
0044K0,창업투자,금융
0134X0,창업투자,금융
474490,창업투자,금융
468760,창업투자,금융
469480,창업투자,금융
482520,창업투자,금융
493790,창업투자,금융
492220,창업투자,금융
489480,창업투자,금융
489210,창업투자,금융
487830,창업투자,금융
486630,창업투자,금융
482690,창업투자,금융
482680,창업투자,금융
469900,창업투자,금융
479880,창업투자,금융
475240,창업투자,금융
474660,창업투자,금융
498390,창업투자,금융
473000,창업투자,금융
472220,창업투자,금융
471050,창업투자,금융
0091W0,창업투자,금융
0096B0,창업투자,금융
0099X0,창업투자,금융
0071M0,창업투자,금융
0165X0,창업투자,금융
0132G0,창업투자,금융
0037T0,창업투자,금융
0097F0,창업투자,금융
0041L0,창업투자,금융
0068Y0,창업투자,금융
0164H0,창업투자,금융
465320,창업투자,금융
472230,창업투자,금융
478440,창업투자,금융
481890,창업투자,금융
478110,창업투자,금융
477760,창업투자,금융
477340,창업투자,금융
475250,창업투자,금융
473950,창업투자,금융
473050,창업투자,금융
0088D0,창업투자,금융
487720,창업투자,금융
0041B0,창업투자,금융
484130,창업투자,금융
496070,창업투자,금융
0072Z0,창업투자,금융
0041J0,창업투자,금융
0093G0,창업투자,금융
0130H0,창업투자,금융
0054V0,창업투자,금융
0131D0,창업투자,금융
0130D0,창업투자,금융
0129K0,창업투자,금융
0004Y0,창업투자,금융
0098T0,창업투자,금융
466690,창업투자,금융
0115H0,창업투자,금융
016600,창업투자,금융
477380,창업투자,금융
0105P0,창업투자,금융
100790,창업투자,금융
0101C0,창업투자,금융
0099W0,창업투자,금융
289080,창업투자,금융
027360,창업투자,금융
277070,창업투자,금융
000040,자동차,자동차·운송장비
381970,자동차,자동차·운송장비
900140,자동차,자동차·운송장비
001390,자동차,자동차·운송장비
151860,자동차,자동차·운송장비
067990,자동차,자동차·운송장비
000270,자동차,자동차·운송장비
005380,자동차,자동차·운송장비
003620,자동차,자동차·운송장비
005389,자동차,자동차·운송장비
005387,자동차,자동차·운송장비
005385,자동차,자동차·운송장비
224760,에너지장비및서비스,기계·전기장비
043200,에너지장비및서비스,기계·전기장비
018000,에너지장비및서비스,기계·전기장비
101970,에너지장비및서비스,기계·전기장비
270520,에너지장비및서비스,기계·전기장비
083650,에너지장비및서비스,기계·전기장비
038870,에너지장비및서비스,기계·전기장비
046120,에너지장비및서비스,기계·전기장비
137950,에너지장비및서비스,기계·전기장비
100130,에너지장비및서비스,기계·전기장비
009830,에너지장비및서비스,기계·전기장비
33626K,에너지장비및서비스,기계·전기장비
009835,에너지장비및서비스,기계·전기장비
115530,에너지장비및서비스,기계·전기장비
126720,에너지장비및서비스,기계·전기장비
044490,에너지장비및서비스,기계·전기장비
336260,에너지장비및서비스,기계·전기장비
098070,에너지장비및서비스,기계·전기장비
005090,에너지장비및서비스,기계·전기장비
100840,에너지장비및서비스,기계·전기장비
457550,에너지장비및서비스,기계·전기장비
379390,에너지장비및서비스,기계·전기장비
475150,에너지장비및서비스,기계·전기장비
099220,에너지장비및서비스,기계·전기장비
180060,에너지장비및서비스,기계·전기장비
389260,에너지장비및서비스,기계·전기장비
095910,에너지장비및서비스,기계·전기장비
136150,에너지장비및서비스,기계·전기장비
100090,에너지장비및서비스,기계·전기장비
33626L,에너지장비및서비스,기계·전기장비
112610,에너지장비및서비스,기계·전기장비
282720,에너지장비및서비스,기계·전기장비
060900,에너지장비및서비스,기계·전기장비
322000,에너지장비및서비스,기계·전기장비
312610,자동차부품,자동차·운송장비
010580,자동차부품,자동차·운송장비
004490,자동차부품,자동차·운송장비
122350,자동차부품,자동차·운송장비
118990,자동차부품,자동차·운송장비
000430,자동차부품,자동차·운송장비
088290,자동차부품,자동차·운송장비
073240,자동차부품,자동차·운송장비
271940,자동차부품,자동차·운송장비
016740,자동차부품,자동차·운송장비
123410,자동차부품,자동차·운송장비
033250,자동차부품,자동차·운송장비
033530,자동차부품,자동차·운송장비
024910,자동차부품,자동차·운송장비
038110,자동차부품,자동차·운송장비
000240,자동차부품,자동차·운송장비
041020,자동차부품,자동차·운송장비
024830,자동차부품,자동차·운송장비
005720,자동차부품,자동차·운송장비
012280,자동차부품,자동차·운송장비
092780,자동차부품,자동차·운송장비
060980,자동차부품,자동차·운송장비
019770,자동차부품,자동차·운송장비
021650,자동차부품,자동차·운송장비
007340,자동차부품,자동차·운송장비
130500,자동차부품,자동차·운송장비
089470,자동차부품,자동차·운송장비
010100,자동차부품,자동차·운송장비
013520,자동차부품,자동차·운송장비
071850,자동차부품,자동차·운송장비
033310,자동차부품,자동차·운송장비
013570,자동차부품,자동차·운송장비
013310,자동차부품,자동차·운송장비
024740,자동차부품,자동차·운송장비
009680,자동차부품,자동차·운송장비
015750,자동차부품,자동차·운송장비
101330,자동차부품,자동차·운송장비
023800,자동차부품,자동차·운송장비
002350,자동차부품,자동차·운송장비
161390,자동차부품,자동차·운송장비
007530,자동차부품,자동차·운송장비
004105,자동차부품,자동차·운송장비
123040,자동차부품,자동차·운송장비
019180,자동차부품,자동차·운송장비
123700,자동차부품,자동차·운송장비
331740,자동차부품,자동차·운송장비
007860,자동차부품,자동차·운송장비
038880,자동차부품,자동차·운송장비
126640,자동차부품,자동차·운송장비
040610,자동차부품,자동차·운송장비
010770,자동차부품,자동차·운송장비
041930,자동차부품,자동차·운송장비
023810,자동차부품,자동차·운송장비
005710,자동차부품,자동차·운송장비
308170,자동차부품,자동차·운송장비
011210,자동차부품,자동차·운송장비
353590,자동차부품,자동차·운송장비
002920,자동차부품,자동차·운송장비
064960,자동차부품,자동차·운송장비
043370,자동차부품,자동차·운송장비
234100,자동차부품,자동차·운송장비
013870,자동차부품,자동차·운송장비
097780,자동차부품,자동차·운송장비
215360,자동차부품,자동차·운송장비
290120,자동차부품,자동차·운송장비
336680,자동차부품,자동차·운송장비
463480,자동차부품,자동차·운송장비
378850,자동차부품,자동차·운송장비
018880,자동차부품,자동차·운송장비
067570,자동차부품,자동차·운송장비
146060,자동차부품,자동차·운송장비
025530,자동차부품,자동차·운송장비
053700,자동차부품,자동차·운송장비
200880,자동차부품,자동차·운송장비
090080,자동차부품,자동차·운송장비
021820,자동차부품,자동차·운송장비
004100,자동차부품,자동차·운송장비
048430,자동차부품,자동차·운송장비
075180,자동차부품,자동차·운송장비
090150,자동차부품,자동차·운송장비
100250,자동차부품,자동차·운송장비
011320,자동차부품,자동차·운송장비
005725,자동차부품,자동차·운송장비
170030,자동차부품,자동차·운송장비
198940,자동차부품,자동차·운송장비
000300,자동차부품,자동차·운송장비
002880,자동차부품,자동차·운송장비
005030,자동차부품,자동차·운송장비
009320,자동차부품,자동차·운송장비
011330,자동차부품,자동차·운송장비
041650,자동차부품,자동차·운송장비
046070,자동차부품,자동차·운송장비
066590,자동차부품,자동차·운송장비
087260,자동차부품,자동차·운송장비
116100,자동차부품,자동차·운송장비
143210,자동차부품,자동차·운송장비
145210,자동차부품,자동차·운송장비
241690,자동차부품,자동차·운송장비
024900,자동차부품,자동차·운송장비
419050,자동차부품,자동차·운송장비
001380,자동차부품,자동차·운송장비
002355,자동차부품,자동차·운송장비
265560,자동차부품,자동차·운송장비
025540,자동차부품,자동차·운송장비
093510,자동차부품,자동차·운송장비
204320,자동차부품,자동차·운송장비
012330,자동차부품,자동차·운송장비
053270,자동차부품,자동차·운송장비
0015S0,자동차부품,자동차·운송장비
214330,자동차부품,자동차·운송장비
036530,자동차부품,자동차·운송장비
093380,자동차부품,자동차·운송장비
005850,자동차부품,자동차·운송장비
006660,자동차부품,자동차·운송장비
900070,자동차부품,자동차·운송장비
009900,자동차부품,자동차·운송장비
012205,자동차부품,자동차·운송장비
310870,자동차부품,자동차·운송장비
024120,자동차부품,자동차·운송장비
424960,자동차부품,자동차·운송장비
012860,자동차부품,자동차·운송장비
023000,자동차부품,자동차·운송장비
019540,자동차부품,자동차·운송장비
105550,자동차부품,자동차·운송장비
128540,자동차부품,자동차·운송장비
065500,자동차부품,자동차·운송장비
053060,자동차부품,자동차·운송장비
208860,자동차부품,자동차·운송장비
020400,자동차부품,자동차·운송장비
080470,자동차부품,자동차·운송장비
122690,자동차부품,자동차·운송장비
448900,자동차부품,자동차·운송장비
025440,자동차부품,자동차·운송장비
010690,자동차부품,자동차·운송장비
018500,자동차부품,자동차·운송장비
012200,자동차부품,자동차·운송장비
013720,자동차부품,자동차·운송장비
001620,자동차부품,자동차·운송장비
003570,자동차부품,자동차·운송장비
031510,자동차부품,자동차·운송장비
017370,자동차부품,자동차·운송장비
113810,자동차부품,자동차·운송장비
104040,자동차부품,자동차·운송장비
047400,자동차부품,자동차·운송장비
078590,자동차부품,자동차·운송장비
130740,자동차부품,자동차·운송장비
212560,자동차부품,자동차·운송장비
092200,자동차부품,자동차·운송장비
437730,자동차부품,자동차·운송장비
072470,자동차부품,자동차·운송장비
085910,자동차부품,자동차·운송장비
354320,자동차부품,자동차·운송장비
125490,자동차부품,자동차·운송장비
001420,자동차부품,자동차·운송장비
140660,자동차부품,자동차·운송장비
191410,디스플레이패널,IT·반도체
440320,디스플레이패널,IT·반도체
034220,디스플레이패널,IT·반도체
052330,디스플레이패널,IT·반도체
020760,디스플레이패널,IT·반도체
121800,디스플레이패널,IT·반도체
117580,가스유틸리티,에너지·유틸리티
004690,가스유틸리티,에너지·유틸리티
016710,가스유틸리티,에너지·유틸리티
017390,가스유틸리티,에너지·유틸리티
036460,가스유틸리티,에너지·유틸리티
003480,가스유틸리티,에너지·유틸리티
017940,가스유틸리티,에너지·유틸리티
267290,가스유틸리티,에너지·유틸리티
018670,가스유틸리티,에너지·유틸리티
015360,가스유틸리티,에너지·유틸리티
034590,가스유틸리티,에너지·유틸리티
053050,가스유틸리티,에너지·유틸리티
006740,종이와목재,화학·소재
03481K,종이와목재,화학·소재
034810,종이와목재,화학·소재
213500,종이와목재,화학·소재
078130,종이와목재,화학·소재
004540,종이와목재,화학·소재
027970,종이와목재,화학·소재
004545,종이와목재,화학·소재
000180,종이와목재,화학·소재
009200,종이와목재,화학·소재
009580,종이와목재,화학·소재
001810,종이와목재,화학·소재
001020,종이와목재,화학·소재
002820,종이와목재,화학·소재
071320,복합유틸리티,에너지·유틸리티
185190,상업서비스와공급품,미디어·서비스
383310,상업서비스와공급품,미디어·서비스
105760,상업서비스와공급품,미디어·서비스
043910,상업서비스와공급품,미디어·서비스
030190,상업서비스와공급품,미디어·서비스
090850,상업서비스와공급품,미디어·서비스
448280,상업서비스와공급품,미디어·서비스
060150,상업서비스와공급품,미디어·서비스
049720,상업서비스와공급품,미디어·서비스
376980,상업서비스와공급품,미디어·서비스
130580,상업서비스와공급품,미디어·서비스
143240,상업서비스와공급품,미디어·서비스
058860,상업서비스와공급품,미디어·서비스
058850,상업서비스와공급품,미디어·서비스
030960,상업서비스와공급품,미디어·서비스
063570,상업서비스와공급품,미디어·서비스
036120,상업서비스와공급품,미디어·서비스
122900,상업서비스와공급품,미디어·서비스
203650,상업서비스와공급품,미디어·서비스
094280,상업서비스와공급품,미디어·서비스
009440,상업서비스와공급품,미디어·서비스
377460,상업서비스와공급품,미디어·서비스
119650,상업서비스와공급품,미디어·서비스
068940,상업서비스와공급품,미디어·서비스
377450,상업서비스와공급품,미디어·서비스
092130,상업서비스와공급품,미디어·서비스
036800,상업서비스와공급품,미디어·서비스
034950,상업서비스와공급품,미디어·서비스
090370,상업서비스와공급품,미디어·서비스
012750,상업서비스와공급품,미디어·서비스
276240,상업서비스와공급품,미디어·서비스
396690,부동산,건설·부동산
451800,부동산,건설·부동산
088260,부동산,건설·부동산
334890,부동산,건설·부동산
357430,부동산,건설·부동산
417310,부동산,건설·부동산
123890,부동산,건설·부동산
338100,부동산,건설·부동산
365550,부동산,건설·부동산
432320,부동산,건설·부동산
293940,부동산,건설·부동산
350520,부동산,건설·부동산
377190,부동산,건설·부동산
448730,부동산,건설·부동산
0030R0,부동산,건설·부동산
033560,부동산,건설·부동산
348950,부동산,건설·부동산
001000,부동산,건설·부동산
015020,부동산,건설·부동산
005110,부동산,건설·부동산
357250,부동산,건설·부동산
034830,부동산,건설·부동산
145270,부동산,건설·부동산
330590,부동산,건설·부동산
404990,부동산,건설·부동산
400760,부동산,건설·부동산
094800,부동산,건설·부동산
395400,부동산,건설·부동산
481850,부동산,건설·부동산
357120,부동산,건설·부동산
210980,부동산,건설·부동산
032640,무선통신서비스,통신
065530,무선통신서비스,통신
006490,무선통신서비스,통신
017670,무선통신서비스,통신
224060,전기제품,기계·전기장비
382900,전기제품,기계·전기장비
278280,전기제품,기계·전기장비
014915,전기제품,기계·전기장비
042110,전기제품,기계·전기장비
066970,전기제품,기계·전기장비
126730,전기제품,기계·전기장비
083930,전기제품,기계·전기장비
416180,전기제품,기계·전기장비
079810,전기제품,기계·전기장비
273640,전기제품,기계·전기장비
036010,전기제품,기계·전기장비
043590,전기제품,기계·전기장비
001820,전기제품,기계·전기장비
033790,전기제품,기계·전기장비
413390,전기제품,기계·전기장비
452400,전기제품,기계·전기장비
0011T0,전기제품,기계·전기장비
267320,전기제품,기계·전기장비
079960,전기제품,기계·전기장비
452200,전기제품,기계·전기장비
365340,전기제품,기계·전기장비
382840,전기제품,기계·전기장비
042370,전기제품,기계·전기장비
002230,전기제품,기계·전기장비
006405,전기제품,기계·전기장비
014910,전기제품,기계·전기장비
0070X0,전기제품,기계·전기장비
037030,전기제품,기계·전기장비
107600,전기제품,기계·전기장비
006400,전기제품,기계·전기장비
458650,전기제품,기계·전기장비
091580,전기제품,기계·전기장비
247540,전기제품,기계·전기장비
005680,전기제품,기계·전기장비
393970,전기제품,기계·전기장비
313760,전기제품,기계·전기장비
279060,전기제품,기계·전기장비
412540,전기제품,기계·전기장비
469750,전기제품,기계·전기장비
196490,전기제품,기계·전기장비
373220,전기제품,기계·전기장비
257370,전기제품,기계·전기장비
450080,전기제품,기계·전기장비
288620,전기제품,기계·전기장비
036830,전기제품,기계·전기장비
148930,전기제품,기계·전기장비
009470,전기제품,기계·전기장비
012340,전기제품,기계·전기장비
393890,전기제품,기계·전기장비
452190,전기제품,기계·전기장비
417200,전기제품,기계·전기장비
378340,전기제품,기계·전기장비
243840,전기제품,기계·전기장비
137400,전기제품,기계·전기장비
232530,전기제품,기계·전기장비
217820,전기제품,기계·전기장비
058610,전기제품,기계·전기장비
382480,전기제품,기계·전기장비
101670,전기제품,기계·전기장비
302430,전기제품,기계·전기장비
222080,전기제품,기계·전기장비
259630,전기제품,기계·전기장비
240600,전기제품,기계·전기장비
043260,전기제품,기계·전기장비
082920,전기제품,기계·전기장비
432470,전기제품,기계·전기장비
348370,전기제품,기계·전기장비
377330,전기제품,기계·전기장비
361610,전기제품,기계·전기장비
282330,백화점과일반상점,유통·소비재
007070,백화점과일반상점,유통·소비재
008770,백화점과일반상점,유통·소비재
139480,백화점과일반상점,유통·소비재
45226K,백화점과일반상점,유통·소비재
008775,백화점과일반상점,유통·소비재
067830,백화점과일반상점,유통·소비재
452260,백화점과일반상점,유통·소비재
037710,백화점과일반상점,유통·소비재
950170,백화점과일반상점,유통·소비재
069960,백화점과일반상점,유통·소비재
023530,백화점과일반상점,유통·소비재
006370,백화점과일반상점,유통·소비재
004170,백화점과일반상점,유통·소비재
029530,사무용전자제품,IT·반도체
115610,핸드셋,IT·반도체
073570,핸드셋,IT·반도체
192650,핸드셋,IT·반도체
060540,핸드셋,IT·반도체
148150,핸드셋,IT·반도체
123010,핸드셋,IT·반도체
050110,핸드셋,IT·반도체
122990,핸드셋,IT·반도체
000670,핸드셋,IT·반도체
091120,핸드셋,IT·반도체
193250,핸드셋,IT·반도체
049520,핸드셋,IT·반도체
045970,핸드셋,IT·반도체
054210,핸드셋,IT·반도체
441270,핸드셋,IT·반도체
459100,핸드셋,IT·반도체
290740,핸드셋,IT·반도체
049070,핸드셋,IT·반도체
097520,핸드셋,IT·반도체
198080,핸드셋,IT·반도체
192440,핸드셋,IT·반도체
065130,핸드셋,IT·반도체
093920,핸드셋,IT·반도체
285490,핸드셋,IT·반도체
081580,핸드셋,IT·반도체
091700,핸드셋,IT·반도체
126700,핸드셋,IT·반도체
263600,핸드셋,IT·반도체
049630,핸드셋,IT·반도체
190510,핸드셋,IT·반도체
196450,핸드셋,IT·반도체
106080,핸드셋,IT·반도체
025320,핸드셋,IT·반도체
060720,핸드셋,IT·반도체
208710,핸드셋,IT·반도체
096630,핸드셋,IT·반도체
088280,핸드셋,IT·반도체
179900,핸드셋,IT·반도체
076610,핸드셋,IT·반도체
258610,핸드셋,IT·반도체
047310,핸드셋,IT·반도체
459550,핸드셋,IT·반도체
290550,핸드셋,IT·반도체
187270,핸드셋,IT·반도체
079190,핸드셋,IT·반도체
271830,핸드셋,IT·반도체
376290,핸드셋,IT·반도체
061040,핸드셋,IT·반도체
357580,핸드셋,IT·반도체
238090,핸드셋,IT·반도체
070300,핸드셋,IT·반도체
052710,핸드셋,IT·반도체
204270,핸드셋,IT·반도체
373200,핸드셋,IT·반도체
066670,핸드셋,IT·반도체
065680,핸드셋,IT·반도체
332570,핸드셋,IT·반도체
001770,철강,철강·금속
003030,철강,철강·금속
002240,철강,철강·금속
104700,철강,철강·금속
026910,철강,철강·금속
008970,철강,철강·금속
069730,철강,철강·금속
002220,철강,철강·금속
001940,철강,철강·금속
092790,철강,철강·금속
037760,철강,철강·금속
084010,철강,철강·금속
000970,철강,철강·금속
005160,철강,철강·금속
058650,철강,철강·금속
008420,철강,철강·금속
071090,철강,철강·금속
460850,철강,철강·금속
001230,철강,철강·금속
039240,철강,철강·금속
025550,철강,철강·금속
133820,철강,철강·금속
140520,철강,철강·금속
016380,철강,철강·금속
306200,철강,철강·금속
000590,철강,철강·금속
001080,철강,철강·금속
162300,철강,철강·금속
026940,철강,철강·금속
139990,철강,철강·금속
048470,철강,철강·금속
053260,철강,철강·금속
025890,철강,철강·금속
023440,철강,철강·금속
021040,철강,철강·금속
004890,철강,철강·금속
012620,철강,철강·금속
005010,철강,철강·금속
002690,철강,철강·금속
009520,철강,철강·금속
005490,철강,철강·금속
012160,철강,철강·금속
002710,철강,철강·금속
120030,철강,철강·금속
017480,철강,철강·금속
263770,철강,철강·금속
004020,철강,철강·금속
009190,철강,철강·금속
001430,철강,철강·금속
060380,철강,철강·금속
021045,철강,철강·금속
023790,철강,철강·금속
007280,철강,철강·금속
176590,철강,철강·금속
460860,철강,철강·금속
484590,우주항공과국방,자동차·운송장비
361390,우주항공과국방,자동차·운송장비
032820,우주항공과국방,자동차·운송장비
065450,우주항공과국방,자동차·운송장비
474170,우주항공과국방,자동차·운송장비
474610,우주항공과국방,자동차·운송장비
215090,우주항공과국방,자동차·운송장비
005870,우주항공과국방,자동차·운송장비
288180,우주항공과국방,자동차·운송장비
012450,우주항공과국방,자동차·운송장비
434190,우주항공과국방,자동차·운송장비
448710,우주항공과국방,자동차·운송장비
099320,우주항공과국방,자동차·운송장비
064350,우주항공과국방,자동차·운송장비
484870,우주항공과국방,자동차·운송장비
451760,우주항공과국방,자동차·운송장비
318660,우주항공과국방,자동차·운송장비
478340,우주항공과국방,자동차·운송장비
274090,우주항공과국방,자동차·운송장비
221840,우주항공과국방,자동차·운송장비
010820,우주항공과국방,자동차·운송장비
462350,우주항공과국방,자동차·운송장비
289930,우주항공과국방,자동차·운송장비
067390,우주항공과국방,자동차·운송장비
079550,우주항공과국방,자동차·운송장비
488900,우주항공과국방,자동차·운송장비
0015G0,우주항공과국방,자동차·운송장비
417030,우주항공과국방,자동차·운송장비
095270,우주항공과국방,자동차·운송장비
272210,우주항공과국방,자동차·운송장비
047810,우주항공과국방,자동차·운송장비
347700,우주항공과국방,자동차·운송장비
214430,우주항공과국방,자동차·운송장비
327260,우주항공과국방,자동차·운송장비
011560,건설,건설·부동산
002990,건설,건설·부동산
069920,건설,건설·부동산
065950,건설,건설·부동산
091590,건설,건설·부동산
002995,건설,건설·부동산
009415,건설,건설·부동산
076080,건설,건설·부동산
009410,건설,건설·부동산
085810,건설,건설·부동산
037350,건설,건설·부동산
004960,건설,건설·부동산
317400,건설,건설·부동산
039570,건설,건설·부동산
066620,건설,건설·부동산
005960,건설,건설·부동산
016250,건설,건설·부동산
013120,건설,건설·부동산
028100,건설,건설·부동산
017000,건설,건설·부동산
023960,건설,건설·부동산
053690,건설,건설·부동산
010780,건설,건설·부동산
066980,건설,건설·부동산
001260,건설,건설·부동산
006360,건설,건설·부동산
046940,건설,건설·부동산
294870,건설,건설·부동산
010960,건설,건설·부동산
013360,건설,건설·부동산
023350,건설,건설·부동산
036190,건설,건설·부동산
026150,건설,건설·부동산
002150,건설,건설·부동산
021320,건설,건설·부동산
013580,건설,건설·부동산
206400,건설,건설·부동산
003070,건설,건설·부동산
002460,건설,건설·부동산
002290,건설,건설·부동산
010400,건설,건설·부동산
025950,건설,건설·부동산
094820,건설,건설·부동산
054930,건설,건설·부동산
001840,건설,건설·부동산
001470,건설,건설·부동산
002787,건설,건설·부동산
049180,건설,건설·부동산
002410,건설,건설·부동산
044180,건설,건설·부동산
042940,건설,건설·부동산
041590,건설,건설·부동산
002780,건설,건설·부동산
002785,건설,건설·부동산
011370,건설,건설·부동산
012630,건설,건설·부동산
097230,건설,건설·부동산
007680,건설,건설·부동산
000720,건설,건설·부동산
475230,건설,건설·부동산
035890,건설,건설·부동산
005965,건설,건설·부동산
014790,건설,건설·부동산
000725,건설,건설·부동산
375500,건설,건설·부동산
003075,건설,건설·부동산
37550L,건설,건설·부동산
047040,건설,건설·부동산
037440,건설,건설·부동산
069140,건설,건설·부동산
060370,건설,건설·부동산
418550,건설,건설·부동산
028050,건설,건설·부동산
076340,건설,건설·부동산
37550K,건설,건설·부동산
013700,건설,건설·부동산
056730,건설,건설·부동산
224810,건설,건설·부동산
119850,전기장비,기계·전기장비
024840,전기장비,기계·전기장비
298040,전기장비,기계·전기장비
294630,전기장비,기계·전기장비
107640,전기장비,기계·전기장비
479960,전기장비,기계·전기장비
260870,전기장비,기계·전기장비
237750,전기장비,기계·전기장비
038460,전기장비,기계·전기장비
062040,전기장비,기계·전기장비
475430,전기장비,기계·전기장비
006910,전기장비,기계·전기장비
189860,전기장비,기계·전기장비
217320,전기장비,기계·전기장비
006260,전기장비,기계·전기장비
017040,전기장비,기계·전기장비
001440,전기장비,기계·전기장비
017510,전기장비,기계·전기장비
147830,전기장비,기계·전기장비
267260,전기장비,기계·전기장비
199820,전기장비,기계·전기장비
006345,전기장비,기계·전기장비
125020,전기장비,기계·전기장비
015860,전기장비,기계·전기장비
388050,전기장비,기계·전기장비
010120,전기장비,기계·전기장비
103590,전기장비,기계·전기장비
000500,전기장비,기계·전기장비
033100,전기장비,기계·전기장비
006340,전기장비,기계·전기장비
007610,전기장비,기계·전기장비
208850,전기장비,기계·전기장비
229640,전기장비,기계·전기장비
126340,전기장비,기계·전기장비
178320,전기장비,기계·전기장비
0197X0,기타,기타
0008T0,기타,기타
228790,기타,기타
479850,기타,기타
520099,기타,기타
700036,기타,기타
418670,기타,기타
760028,기타,기타
0193L0,기타,기타
0050E0,기타,기타
520081,기타,기타
266410,기타,기타
150460,기타,기타
520095,기타,기타
481180,기타,기타
0102A0,기타,기타
410870,기타,기타
610088,기타,기타
570122,기타,기타
0041D0,기타,기타
520102,기타,기타
520083,기타,기타
530031,기타,기타
700029,기타,기타
252710,기타,기타
371450,기타,기타
580088,기타,기타
580068,기타,기타
530133,기타,기타
580051,기타,기타
227560,기타,기타
438900,기타,기타
464610,기타,기타
307510,기타,기타
520073,기타,기타
700017,기타,기타
314700,기타,기타
570085,기타,기타
244660,기타,기타
300610,기타,기타
252670,기타,기타
0132D0,기타,기타
244670,기타,기타
253230,기타,기타
610035,기타,기타
253160,기타,기타
226380,기타,기타
500093,기타,기타
140700,기타,기타
284980,기타,기타
334690,기타,기타
0018C0,기타,기타
130680,기타,기타
226980,기타,기타
473490,기타,기타
470310,기타,기타
0189Z0,기타,기타
0221Z0,기타,기타
427120,기타,기타
261220,기타,기타
0103T0,기타,기타
520080,기타,기타
0007G0,기타,기타
610087,기타,기타
243890,기타,기타
261070,기타,기타
290080,기타,기타
570127,기타,기타
530132,기타,기타
117460,기타,기타
322400,기타,기타
315270,기타,기타
700035,기타,기타
570116,기타,기타
114800,기타,기타
401170,기타,기타
491510,기타,기타
580034,기타,기타
0222D0,기타,기타
266390,기타,기타
483330,기타,기타
157490,기타,기타
174350,기타,기타
211900,기타,기타
445910,기타,기타
530060,기타,기타
360150,기타,기타
510043,기타,기타
138530,기타,기타
252000,기타,기타
488200,기타,기타
281990,기타,기타
388280,기타,기타
500029,기타,기타
091170,기타,기타
400970,기타,기타
570092,기타,기타
300950,기타,기타
550100,기타,기타
580026,기타,기타
580053,기타,기타
610100,기타,기타
610104,기타,기타
091220,기타,기타
570019,기타,기타
139270,기타,기타
500099,기타,기타
475050,기타,기타
0139P0,기타,기타
380340,기타,기타
276650,기타,기타
104530,기타,기타
326230,기타,기타
0089D0,기타,기타
364990,기타,기타
145670,기타,기타
0105D0,기타,기타
0015F0,기타,기타
306520,기타,기타
484880,기타,기타
139250,기타,기타
610034,기타,기타
760006,기타,기타
123310,기타,기타
210780,기타,기타
211560,기타,기타
287180,기타,기타
461910,기타,기타
251590,기타,기타
267440,기타,기타
530061,기타,기타
530092,기타,기타
520038,기타,기타
196030,기타,기타
0098N0,기타,기타
300640,기타,기타
580076,기타,기타
139280,기타,기타
192720,기타,기타
204450,기타,기타
466940,기타,기타
266360,기타,기타
367770,기타,기타
570123,기타,기타
252420,기타,기타
279530,기타,기타
520082,기타,기타
0153K0,기타,기타
140710,기타,기타
700032,기타,기타
0047R0,기타,기타
261120,기타,기타
227570,기타,기타
137610,기타,기타
381560,기타,기타
0052D0,기타,기타
500061,기타,기타
0023B0,기타,기타
417630,기타,기타
498410,기타,기타
301400,기타,기타
0105E0,기타,기타
0186S0,기타,기타
228800,기타,기타
610086,기타,기타
139290,기타,기타
161510,기타,기타
463050,기타,기타
472160,기타,기타
266550,기타,기타
322410,기타,기타
570066,기타,기타
580065,기타,기타
230480,기타,기타
252650,기타,기타
489030,기타,기타
253240,기타,기타
0040S0,기타,기타
0088N0,기타,기타
280320,기타,기타
438740,기타,기타
445150,기타,기타
550070,기타,기타
580079,기타,기타
760011,기타,기타
0177A0,기타,기타
314250,기타,기타
457480,기타,기타
760015,기타,기타
215620,기타,기타
256440,기타,기타
0079X0,기타,기타
261260,기타,기타
275980,기타,기타
409820,기타,기타
466810,기타,기타
570082,기타,기타
0093D0,기타,기타
104520,기타,기타
550093,기타,기타
550098,기타,기타
466930,기타,기타
0178H0,기타,기타
140570,기타,기타
530056,기타,기타
0104P0,기타,기타
520086,기타,기타
530138,기타,기타
760024,기타,기타
307520,기타,기타
0133E0,기타,기타
570091,기타,기타
490090,기타,기타
760014,기타,기타
306530,기타,기타
395150,기타,기타
0114X0,기타,기타
244580,기타,기타
0118Z0,기타,기타
461450,기타,기타
252410,기타,기타
253290,기타,기타
441680,기타,기타
493810,기타,기타
498050,기타,기타
271060,기타,기타
610073,기타,기타
0120J0,기타,기타
091180,기타,기타
140580,기타,기타
219390,기타,기타
228810,기타,기타
277650,기타,기타
385600,기타,기타
422420,기타,기타
461900,기타,기타
530089,기타,기타
483570,기타,기타
0047P0,기타,기타
0067Y0,기타,기타
0155M0,기타,기타
449690,기타,기타
510027,기타,기타
610070,기타,기타
0018Z0,기타,기타
0086B0,기타,기타
0192T0,기타,기타
407830,기타,기타
446700,기타,기타
474800,기타,기타
480310,기타,기타
500036,기타,기타
520072,기타,기타
291890,기타,기타
429980,기타,기타
530141,기타,기타
610079,기타,기타
144600,기타,기타
305540,기타,기타
453080,기타,기타
500038,기타,기타
0174J0,기타,기타
139240,기타,기타
465610,기타,기타
520092,기타,기타
530115,기타,기타
610040,기타,기타
0206G0,기타,기타
251600,기타,기타
433500,기타,기타
448540,기타,기타
469170,기타,기타
285690,기타,기타
530123,기타,기타
760004,기타,기타
139660,기타,기타
381570,기타,기타
449190,기타,기타
429010,기타,기타
138920,기타,기타
461580,기타,기타
462330,기타,기타
610096,기타,기타
414270,기타,기타
570104,기타,기타
0218K0,기타,기타
261270,기타,기타
329200,기타,기타
0053M0,기타,기타
0097L0,기타,기타
498860,기타,기타
476800,기타,기타
491090,기타,기타
0000J0,기타,기타
0000Z0,기타,기타
225040,기타,기타
0132K0,기타,기타
195970,기타,기타
304940,기타,기타
401470,기타,기타
760005,기타,기타
463680,기타,기타
176950,기타,기타
448300,기타,기타
570073,기타,기타
0115E0,기타,기타
365000,기타,기타
413220,기타,기타
481190,기타,기타
238720,기타,기타
381170,기타,기타
465580,기타,기타
462900,기타,기타
280930,기타,기타
450180,기타,기타
530113,기타,기타
0190C0,기타,기타
237440,기타,기타
238670,기타,기타
447620,기타,기타
461950,기타,기타
480460,기타,기타
530120,기타,기타
472170,기타,기타
474220,기타,기타
474390,기타,기타
485540,기타,기타
530131,기타,기타
0168K0,기타,기타
195980,기타,기타
280940,기타,기타
0154F0,기타,기타
0214M0,기타,기타
304670,기타,기타
520046,기타,기타
580090,기타,기타
0199C0,기타,기타
0220A0,기타,기타
464600,기타,기타
469530,기타,기타
168580,기타,기타
494210,기타,기타
498610,기타,기타
520057,기타,기타
139230,기타,기타
570065,기타,기타
570115,기타,기타
407820,기타,기타
530124,기타,기타
295020,기타,기타
276000,기타,기타
453330,기타,기타
570100,기타,기타
530094,기타,기타
0150K0,기타,기타
580087,기타,기타
117680,기타,기타
269540,기타,기타
449780,기타,기타
500050,기타,기타
500072,기타,기타
760027,기타,기타
0084E0,기타,기타
394670,기타,기타
0091P0,기타,기타
341850,기타,기타
447770,기타,기타
454320,기타,기타
570063,기타,기타
267450,기타,기타
449180,기타,기타
530121,기타,기타
0084D0,기타,기타
0086C0,기타,기타
0102X0,기타,기타
279540,기타,기타
500067,기타,기타
610029,기타,기타
0017Y0,기타,기타
395290,기타,기타
465330,기타,기타
473460,기타,기타
480030,기타,기타
483280,기타,기타
570023,기타,기타
610082,기타,기타
219480,기타,기타
237370,기타,기타
500071,기타,기타
610020,기타,기타
700018,기타,기타
0015E0,기타,기타
0172V0,기타,기타
395280,기타,기타
610093,기타,기타
0186L0,기타,기타
195920,기타,기타
489860,기타,기타
498270,기타,기타
500041,기타,기타
0104H0,기타,기타
0174R0,기타,기타
253280,기타,기타
434730,기타,기타
570022,기타,기타
0135Y0,기타,기타
325020,기타,기타
448290,기타,기타
450190,기타,기타
570102,기타,기타
580056,기타,기타
0127V0,기타,기타
0152E0,기타,기타
0222F0,기타,기타
143850,기타,기타
321410,기타,기타
530118,기타,기타
0184N0,기타,기타
447660,기타,기타
472720,기타,기타
580070,기타,기타
610056,기타,기타
275750,기타,기타
245350,기타,기타
412770,기타,기타
494330,기타,기타
610092,기타,기타
143860,기타,기타
438320,기타,기타
500063,기타,기타
580032,기타,기타
435420,기타,기타
447430,기타,기타
0038A0,기타,기타
489290,기타,기타
157500,기타,기타
399580,기타,기타
495060,기타,기타
117690,기타,기타
451600,기타,기타
610007,기타,기타
390400,기타,기타
407300,기타,기타
610062,기타,기타
291620,기타,기타
292770,기타,기타
404650,기타,기타
449580,기타,기타
610094,기타,기타
0138T0,기타,기타
0141S0,기타,기타
0153P0,기타,기타
0218J0,기타,기타
282000,기타,기타
426150,기타,기타
700031,기타,기타
760010,기타,기타
394660,기타,기타
520074,기타,기타
436140,기타,기타
451000,기타,기타
475280,기타,기타
0123G0,기타,기타
0184V0,기타,기타
272910,기타,기타
404540,기타,기타
429740,기타,기타
530119,기타,기타
0141T0,기타,기타
0204S0,기타,기타
459560,기타,기타
530137,기타,기타
0092C0,기타,기타
0131A0,기타,기타
0189B0,기타,기타
269370,기타,기타
291680,기타,기타
337150,기타,기타
385520,기타,기타
488720,기타,기타
530135,기타,기타
580043,기타,기타
0040X0,기타,기타
0127P0,기타,기타
102970,기타,기타
138910,기타,기타
278620,기타,기타
309230,기타,기타
455660,기타,기타
475270,기타,기타
0023A0,기타,기타
0093B0,기타,기타
0193M0,기타,기타
136340,기타,기타
204480,기타,기타
373490,기타,기타
385710,기타,기타
580048,기타,기타
580057,기타,기타
580080,기타,기타
610063,기타,기타
0098F0,기타,기타
122260,기타,기타
273140,기타,기타
402460,기타,기타
451530,기타,기타
496020,기타,기타
760009,기타,기타
214980,기타,기타
245710,기타,기타
357870,기타,기타
363510,기타,기타
423160,기타,기타
453010,기타,기타
458210,기타,기타
477050,기타,기타
488770,기타,기타
488980,기타,기타
497880,기타,기타
0043B0,기타,기타
0113P0,기타,기타
241180,기타,기타
440640,기타,기타
449170,기타,기타
453060,기타,기타
454780,기타,기타
455890,기타,기타
459580,기타,기타
463290,기타,기타
464240,기타,기타
469830,기타,기타
475630,기타,기타
476450,기타,기타
477080,기타,기타
479080,기타,기타
479520,기타,기타
480260,기타,기타
481050,기타,기타
491610,기타,기타
499660,기타,기타
520094,기타,기타
0000D0,기타,기타
0000Y0,기타,기타
0001P0,기타,기타
0026E0,기타,기타
0065G0,기타,기타
0068M0,기타,기타
0089C0,기타,기타
0091M0,기타,기타
0099L0,기타,기타
0111J0,기타,기타
0117L0,기타,기타
0122W0,기타,기타
0123S0,기타,기타
0131W0,기타,기타
0191M0,기타,기타
0191W0,기타,기타
0203R0,기타,기타
0209D0,기타,기타
0221V0,기타,기타
130730,기타,기타
153130,기타,기타
157450,기타,기타
190620,기타,기타
196230,기타,기타
220130,기타,기타
227550,기타,기타
250780,기타,기타
251340,기타,기타
265690,기타,기타
272580,기타,기타
329650,기타,기타
412560,기타,기타
415920,기타,기타
419890,기타,기타
439860,기타,기타
455860,기타,기타
456200,기타,기타
465780,기타,기타
471760,기타,기타
472920,기타,기타
473290,기타,기타
473440,기타,기타
475260,기타,기타
476000,기타,기타
480020,기타,기타
484890,기타,기타
486830,기타,기타
487340,기타,기타
500023,기타,기타
500091,기타,기타
500097,기타,기타
500098,기타,기타
510044,기타,기타
510045,기타,기타
520064,기타,기타
520065,기타,기타
520075,기타,기타
520089,기타,기타
530062,기타,기타
530063,기타,기타
530064,기타,기타
530127,기타,기타
530128,기타,기타
550041,기타,기타
550082,기타,기타
550087,기타,기타
550088,기타,기타
550092,기타,기타
550095,기타,기타
550096,기타,기타
570029,기타,기타
570064,기타,기타
570074,기타,기타
570090,기타,기타
570096,기타,기타
570099,기타,기타
570106,기타,기타
570108,기타,기타
570109,기타,기타
570110,기타,기타
570126,기타,기타
580035,기타,기타
580049,기타,기타
580058,기타,기타
580060,기타,기타
580061,기타,기타
580062,기타,기타
580063,기타,기타
580064,기타,기타
580073,기타,기타
580075,기타,기타
580078,기타,기타
610001,기타,기타
610003,기타,기타
610018,기타,기타
610024,기타,기타
610025,기타,기타
610030,기타,기타
610039,기타,기타
610045,기타,기타
610047,기타,기타
610049,기타,기타
610051,기타,기타
610057,기타,기타
610058,기타,기타
610059,기타,기타
610060,기타,기타
610064,기타,기타
610066,기타,기타
610075,기타,기타
610076,기타,기타
610080,기타,기타
610081,기타,기타
610083,기타,기타
610091,기타,기타
610098,기타,기타
610105,기타,기타
610106,기타,기타
700011,기타,기타
700012,기타,기타
700013,기타,기타
700014,기타,기타
700022,기타,기타
700023,기타,기타
700026,기타,기타
0061Z0,기타,기타
0139F0,기타,기타
0094K0,기타,기타
272560,기타,기타
385550,기타,기타
458030,기타,기타
0016X0,기타,기타
0052T0,기타,기타
0151S0,기타,기타
368590,기타,기타
418660,기타,기타
438560,기타,기타
0069M0,기타,기타
289480,기타,기타
385540,기타,기타
401590,기타,기타
433970,기타,기타
451670,기타,기타
610074,기타,기타
0007F0,기타,기타
0082F0,기타,기타
0119H0,기타,기타
145850,기타,기타
239660,기타,기타
371460,기타,기타
498180,기타,기타
550099,기타,기타
570051,기타,기타
0184L0,기타,기타
133690,기타,기타
367380,기타,기타
368190,기타,기타
404120,기타,기타
465670,기타,기타
475080,기타,기타
530107,기타,기타
570097,기타,기타
610095,기타,기타
0192Z0,기타,기타
0209Z0,기타,기타
101280,기타,기타
114100,기타,기타
131890,기타,기타
379810,기타,기타
412570,기타,기타
481060,기타,기타
610099,기타,기타
114820,기타,기타
276990,기타,기타
280920,기타,기타
439870,기타,기타
760026,기타,기타
364980,기타,기타
433980,기타,기타
437080,기타,기타
438330,기타,기타
476030,기타,기타
491230,기타,기타
0085N0,기타,기타
0120X0,기타,기타
0162M0,기타,기타
138540,기타,기타
385560,기타,기타
419430,기타,기타
0036R0,기타,기타
114460,기타,기타
114470,기타,기타
147970,기타,기타
433880,기타,기타
494300,기타,기타
114260,기타,기타
356540,기타,기타
461500,기타,기타
0082V0,기타,기타
0185L0,기타,기타
272570,기타,기타
273130,기타,기타
298340,기타,기타
530142,기타,기타
0083S0,기타,기타
0128D0,기타,기타
336160,기타,기타
372330,기타,기타
457690,기타,기타
492500,기타,기타
550085,기타,기타
580059,기타,기타
364960,기타,기타
444490,기타,기타
451540,기타,기타
476550,기타,기타
0204D0,기타,기타
105010,기타,기타
530096,기타,기타
530122,기타,기타
229200,기타,기타
232080,기타,기타
302190,기타,기타
305720,기타,기타
329660,기타,기타
354500,기타,기타
400580,기타,기타
432600,기타,기타
459750,기타,기타
530095,기타,기타
610023,기타,기타
471230,기타,기타
610022,기타,기타
0166N0,기타,기타
0180V0,기타,기타
189400,기타,기타
385720,기타,기타
491620,기타,기타
148070,기타,기타
250730,기타,기타
458260,기타,기타
0144L0,기타,기타
0191S0,기타,기타
411420,기타,기타
570105,기타,기타
760025,기타,기타
225030,기타,기타
241390,기타,기타
469070,기타,기타
0026S0,기타,기타
377990,기타,기타
438100,기타,기타
442090,기타,기타
471460,기타,기타
570047,기타,기타
0046Y0,기타,기타
0137W0,기타,기타
245360,기타,기타
434060,기타,기타
442550,기타,기타
570050,기타,기타
429760,기타,기타
450910,기타,기타
500068,기타,기타
610055,기타,기타
0091C0,기타,기타
387270,기타,기타
463300,기타,기타
487950,기타,기타
0092B0,기타,기타
291630,기타,기타
460960,기타,기타
461460,기타,기타
464920,기타,기타
0041E0,기타,기타
316670,기타,기타
360200,기타,기타
379780,기타,기타
464930,기타,기타
494410,기타,기타
530112,기타,기타
419650,기타,기타
464310,기타,기타
520077,기타,기타
0005D0,기타,기타
0094X0,기타,기타
099140,기타,기타
365780,기타,기타
387280,기타,기타
433250,기타,기타
433330,기타,기타
438570,기타,기타
461490,기타,기타
462010,기타,기타
484790,기타,기타
610028,기타,기타
0005C0,기타,기타
0049M0,기타,기타
270810,기타,기타
379800,기타,기타
441540,기타,기타
442570,기타,기타
449770,기타,기타
477490,기타,기타
580072,기타,기타
0111P0,기타,기타
360750,기타,기타
530145,기타,기타
570081,기타,기타
0025N0,기타,기타
0224D0,기타,기타
266420,기타,기타
432840,기타,기타
441800,기타,기타
442560,기타,기타
457700,기타,기타
481430,기타,기타
486290,기타,기타
494180,기타,기타
0035T0,기타,기타
102780,기타,기타
482730,기타,기타
520039,기타,기타
520076,기타,기타
570098,기타,기타
0015B0,기타,기타
453870,기타,기타
474920,기타,기타
475070,기타,기타
497570,기타,기타
610061,기타,기타
0089B0,기타,기타
375270,기타,기타
448490,기타,기타
460270,기타,기타
461600,기타,기타
580084,기타,기타
217780,기타,기타
276970,기타,기타
442320,기타,기타
455960,기타,기타
580050,기타,기타
152380,기타,기타
298770,기타,기타
329670,기타,기타
399110,기타,기타
430500,기타,기타
0057H0,기타,기타
267490,기타,기타
0008E0,기타,기타
0049K0,기타,기타
182490,기타,기타
363570,기타,기타
570107,기타,기타
304660,기타,기타
304770,기타,기타
395750,기타,기타
437070,기타,기타
530090,기타,기타
610037,기타,기타
0078V0,기타,기타
270800,기타,기타
453950,기타,기타
0117V0,기타,기타
233160,기타,기타
438080,기타,기타
475380,기타,기타
482030,기타,기타
495330,기타,기타
580071,기타,기타
580083,기타,기타
295000,기타,기타
409810,기타,기타
454180,기타,기타
459790,기타,기타
475350,기타,기타
479620,기타,기타
610071,기타,기타
0132H0,기타,기타
435040,기타,기타
0216K0,기타,기타
139320,기타,기타
234310,기타,기타
245340,기타,기타
310080,기타,기타
452360,기타,기타
0107F0,기타,기타
0192S0,기타,기타
396510,기타,기타
453850,기타,기타
610097,기타,기타
0002C0,기타,기타
448330,기타,기타
0051G0,기타,기타
0080X0,기타,기타
364690,기타,기타
496770,기타,기타
0167Z0,기타,기타
0224X0,기타,기타
367760,기타,기타
448570,기타,기타
0052S0,기타,기타
289670,기타,기타
428560,기타,기타
520091,기타,기타
213610,기타,기타
251350,기타,기타
477730,기타,기타
488480,기타,기타
497520,기타,기타
530129,기타,기타
0048J0,기타,기타
0144M0,기타,기타
570118,기타,기타
223190,기타,기타
489000,기타,기타
520090,기타,기타
570120,기타,기타
108450,기타,기타
390390,기타,기타
440650,기타,기타
491820,기타,기타
760032,기타,기타
0203S0,기타,기타
218420,기타,기타
367740,기타,기타
500101,기타,기타
0005A0,기타,기타
0046A0,기타,기타
0190Y0,기타,기타
487240,기타,기타
138230,기타,기타
435550,기타,기타
760018,기타,기타
0020H0,기타,기타
0226D0,기타,기타
132030,기타,기타
233740,기타,기타
261240,기타,기타
278240,기타,기타
456610,기타,기타
0101N0,기타,기타
329750,기타,기타
483320,기타,기타
494840,기타,기타
0113D0,기타,기타
332610,기타,기타
452250,기타,기타
456880,기타,기타
610068,기타,기타
0127T0,기타,기타
0181L0,기타,기타
319640,기타,기타
435540,기타,기타
580033,기타,기타
580085,기타,기타
0013R0,기타,기타
468380,기타,기타
570094,기타,기타
580044,기타,기타
227540,기타,기타
520056,기타,기타
550097,기타,기타
0198A0,기타,기타
183700,기타,기타
229720,기타,기타
368680,기타,기타
400570,기타,기타
0203D0,기타,기타
530106,기타,기타
244620,기타,기타
292560,기타,기타
379790,기타,기타
458250,기타,기타
495940,기타,기타
550064,기타,기타
0138Y0,기타,기타
261140,기타,기타
0060H0,기타,기타
102960,기타,기타
494420,기타,기타
0074K0,기타,기타
138520,기타,기타
371160,기타,기타
419420,기타,기타
435530,기타,기타
530136,기타,기타
0163Y0,기타,기타
192090,기타,기타
411860,기타,기타
468630,기타,기타
499150,기타,기타
400590,기타,기타
437350,기타,기타
469050,기타,기타
610103,기타,기타
0019K0,기타,기타
0223R0,기타,기타
283580,기타,기타
385510,기타,기타
468370,기타,기타
0085P0,기타,기타
0191B0,기타,기타
495550,기타,기타
0184E0,기타,기타
453810,기타,기타
580077,기타,기타
0094M0,기타,기타
305050,기타,기타
364970,기타,기타
441640,기타,기타
500024,기타,기타
500040,기타,기타
182480,기타,기타
433220,기타,기타
0000H0,기타,기타
415340,기타,기타
455030,기타,기타
0005G0,기타,기타
174360,기타,기타
371150,기타,기타
440910,기타,기타
570071,기타,기타
580086,기타,기타
308620,기타,기타
403790,기타,기타
496090,기타,기타
610077,기타,기타
487130,기타,기타
497780,기타,기타
610084,기타,기타
0226G0,기타,기타
332620,기타,기타
371470,기타,기타
760022,기타,기타
0162Y0,기타,기타
0207Z0,기타,기타
457990,기타,기타
500051,기타,기타
0131V0,기타,기타
0153X0,기타,기타
500035,기타,기타
0067V0,기타,기타
275300,기타,기타
610090,기타,기타
105780,기타,기타
305080,기타,기타
426020,기타,기타
493420,기타,기타
495050,기타,기타
0094L0,기타,기타
117700,기타,기타
449680,기타,기타
496120,기타,기타
486450,기타,기타
160580,기타,기타
228820,기타,기타
376410,기타,기타
463250,기타,기타
0115C0,기타,기타
471040,기타,기타
490480,기타,기타
530125,기타,기타
610038,기타,기타
0022T0,기타,기타
0043Y0,기타,기타
0164G0,기타,기타
315960,기타,기타
458750,기타,기타
472830,기타,기타
169950,기타,기타
404260,기타,기타
0227K0,기타,기타
289250,기타,기타
385590,기타,기타
570061,기타,기타
363580,기타,기타
449450,기타,기타
490490,기타,기타
167860,기타,기타
495230,기타,기타
0073X0,기타,기타
0100K0,기타,기타
446720,기타,기타
469790,기타,기타
476750,기타,기타
488500,기타,기타
580067,기타,기타
0048K0,기타,기타
185680,기타,기타
195930,기타,기타
375770,기타,기타
464470,기타,기타
472870,기타,기타
570101,기타,기타
580074,기타,기타
354350,기타,기타
371870,기타,기타
760017,기타,기타
0231Z0,기타,기타
166400,기타,기타
444200,기타,기타
490600,기타,기타
445290,기타,기타
466920,기타,기타
476760,기타,기타
550069,기타,기타
0072R0,기타,기타
0193G0,기타,기타
213630,기타,기타
487920,기타,기타
530067,기타,기타
0047A0,기타,기타
0138D0,기타,기타
448630,기타,기타
0154H0,기타,기타
328370,기타,기타
402970,기타,기타
0162L0,기타,기타
413930,기타,기타
610072,기타,기타
0172Y0,기타,기타
200250,기타,기타
289260,기타,기타
316300,기타,기타
456250,기타,기타
473330,기타,기타
487910,기타,기타
203780,기타,기타
458760,기타,기타
0008S0,기타,기타
261250,기타,기타
475300,기타,기타
479730,기타,기타
500086,기타,기타
500100,기타,기타
500102,기타,기타
0115D0,기타,기타
458730,기타,기타
473640,기타,기타
489250,기타,기타
0051A0,기타,기타
481340,기타,기타
530114,기타,기타
0064K0,기타,기타
0112X0,기타,기타
261110,기타,기타
496080,기타,기타
225800,기타,기타
302450,기타,기타
490330,기타,기타
495850,기타,기타
0053L0,기타,기타
0090B0,기타,기타
183710,기타,기타
292500,기타,기타
396520,기타,기타
411060,기타,기타
530143,기타,기타
580047,기타,기타
315930,기타,기타
490590,기타,기타
494670,기타,기타
478150,기타,기타
570124,기타,기타
465620,기타,기타
610102,기타,기타
0183J0,기타,기타
0080G0,기타,기타
0087F0,기타,기타
0155N0,기타,기타
266370,기타,기타
760008,기타,기타
261920,기타,기타
491700,기타,기타
580010,기타,기타
0013P0,기타,기타
520066,기타,기타
0233A0,기타,기타
139220,기타,기타
337140,기타,기타
462340,기타,기타
483290,기타,기타
496130,기타,기타
610069,기타,기타
0066W0,기타,기타
277640,기타,기타
461340,기타,기타
530055,기타,기타
139260,기타,기타
205720,기타,기타
225060,기타,기타
284430,기타,기타
429000,기타,기타
465660,기타,기타
570072,기타,기타
248270,기타,기타
446770,기타,기타
476070,기타,기타
226490,기타,기타
475720,기타,기타
326240,기타,기타
0036Z0,기타,기타
156080,기타,기타
261060,기타,기타
275290,기타,기타
570069,기타,기타
570121,기타,기타
465350,기타,기타
476850,기타,기타
451150,기타,기타
0040Y0,기타,기타
0137V0,기타,기타
360140,기타,기타
469060,기타,기타
291130,기타,기타
225050,기타,기타
610101,기타,기타
760023,기타,기타
416090,기타,기타
0127M0,기타,기타
225130,기타,기타
485690,기타,기타
570095,기타,기타
0028X0,기타,기타
277630,기타,기타
453650,기타,기타
471990,기타,기타
480040,기타,기타
456600,기타,기타
494340,기타,기타
495040,기타,기타
269420,기타,기타
292190,기타,기타
381180,기타,기타
494220,기타,기타
354240,기타,기타
483020,기타,기타
266160,기타,기타
0183V0,기타,기타
0177N0,기타,기타
292050,기타,기타
332500,기타,기타
337120,기타,기타
498400,기타,기타
700033,기타,기타
292150,기타,기타
476690,기타,기타
483030,기타,기타
520040,기타,기타
256750,기타,기타
391600,기타,기타
440340,기타,기타
455850,기타,기타
466950,기타,기타
453660,기타,기타
373790,기타,기타
445690,기타,기타
580066,기타,기타
0162Z0,기타,기타
0182S0,기타,기타
456680,기타,기타
469160,기타,기타
491220,기타,기타
570103,기타,기타
289040,기타,기타
359210,기타,기타
415760,기타,기타
428510,기타,기타
152100,기타,기타
550091,기타,기타
277540,기타,기타
500095,기타,기타
520078,기타,기타
0228G0,기타,기타
580089,기타,기타
256450,기타,기타
497510,기타,기타
580081,기타,기타
391670,기타,기타
417450,기타,기타
271050,기타,기타
414780,기타,기타
570114,기타,기타
102110,기타,기타
411540,기타,기타
520093,기타,기타
0004G0,기타,기타
0118S0,기타,기타
0182R0,기타,기타
269530,기타,기타
457930,기타,기타
760007,기타,기타
0104N0,기타,기타
491630,기타,기타
520047,기타,기타
069660,기타,기타
500085,기타,기타
0080Y0,기타,기타
217770,기타,기타
530116,기타,기타
446690,기타,기타
472840,기타,기타
610085,기타,기타
0007N0,기타,기타
0098Z0,기타,기타
0208N0,기타,기타
105190,기타,기타
148020,기타,기타
278530,기타,기타
451060,기타,기타
310960,기타,기타
520037,기타,기타
0216Z0,기타,기타
069500,기타,기타
352560,기타,기타
361580,기타,기타
122090,기타,기타
337160,기타,기타
395760,기타,기타
453640,기타,기타
0219Z0,기타,기타
181480,기타,기타
293180,기타,기타
294400,기타,기타
463690,기타,기타
200030,기타,기타
310970,기타,기타
476310,기타,기타
500037,기타,기타
610078,기타,기타
0106J0,기타,기타
395170,기타,기타
395270,기타,기타
108590,기타,기타
423170,기타,기타
434960,기타,기타
227830,기타,기타
295040,기타,기타
530140,기타,기타
700034,기타,기타
0113G0,기타,기타
485810,기타,기타
140950,기타,기타
219900,기타,기타
395160,기타,기타
530117,기타,기타
332930,기타,기타
500030,기타,기타
437370,기타,기타
453820,기타,기타
469150,기타,기타
275280,기타,기타
365040,기타,기타
0093A0,기타,기타
520088,기타,기타
570111,기타,기타
0219B0,기타,기타
0223A0,기타,기타
453630,기타,기타
491830,기타,기타
495750,기타,기타
0177R0,기타,기타
152870,기타,기타
352540,기타,기타
494890,기타,기타
236350,기타,기타
237350,기타,기타
290130,기타,기타
325010,기타,기타
0177X0,기타,기타
278540,기타,기타
421320,기타,기타
442260,기타,기타
463640,기타,기타
474590,기타,기타
0151P0,기타,기타
0167A0,기타,기타
0210E0,기타,기타
0104G0,기타,기타
471780,기타,기타
550084,기타,기타
243880,기타,기타
760016,기타,기타
0210A0,기타,기타
0166T0,기타,기타
426030,기타,기타
483340,기타,기타
530126,기타,기타
500096,기타,기타
159800,기타,기타
570119,기타,기타
0167B0,기타,기타
0219E0,기타,기타
487750,기타,기타
0233J0,기타,기타
100910,기타,기타
472150,기타,기타
153270,기타,기타
570125,기타,기타
306950,기타,기타
475310,기타,기타
292160,기타,기타
0176P0,기타,기타
0207G0,기타,기타
091160,기타,기타
0047N0,기타,기타
760021,기타,기타
0166S0,기타,기타
407310,기타,기타
448100,기타,기타
520087,기타,기타
091230,기타,기타
460660,기타,기타
570070,기타,기타
610036,기타,기타
0148J0,기타,기타
0220B0,기타,기타
0190G0,기타,기타
0190M0,기타,기타
396500,기타,기타
0015K0,기타,기타
486240,기타,기타
487230,기타,기타
530104,기타,기타
0225V0,기타,기타
530130,기타,기타
530139,기타,기타
491010,기타,기타
0176E0,기타,기타
476260,기타,기타
388420,기타,기타
375760,기타,기타
520079,기타,기타
423920,기타,기타
520085,기타,기타
332940,기타,기타
304760,기타,기타
700027,기타,기타
253150,기타,기타
760012,기타,기타
0226A0,기타,기타
334700,기타,기타
0174B0,기타,기타
580054,기타,기타
520054,기타,기타
580039,기타,기타
520084,기타,기타
267770,기타,기타
488210,기타,기타
473590,기타,기타
252400,기타,기타
520097,기타,기타
123320,기타,기타
500069,기타,기타
122630,기타,기타
152500,기타,기타
488290,기타,기타
253250,기타,기타
550089,기타,기타
580082,기타,기타
304780,기타,기타
442580,기타,기타
580069,기타,기타
610089,기타,기타
500094,기타,기타
530134,기타,기타
494310,기타,기타
0142D0,기타,기타
580052,기타,기타
570117,기타,기타
700030,기타,기타
520096,기타,기타
0173Y0,기타,기타
0193K0,기타,기타
0127R0,기타,기타
0181B0,기타,기타
488080,기타,기타
0194M0,기타,기타
0198B0,기타,기타
760013,기타,기타
0194N0,기타,기타
0215T0,기타,기타
0192M0,기타,기타
0193W0,기타,기타
0195R0,기타,기타
700028,기타,기타
520098,기타,기타
520100,기타,기타
0194R0,기타,기타
0198D0,기타,기타
0194T0,기타,기타
0192L0,기타,기타
0195S0,기타,기타
0193T0,기타,기타
520101,기타,기타
0197W0,기타,기타
101000,조선,자동차·운송장비
017960,조선,자동차·운송장비
0008Z0,조선,자동차·운송장비
010140,조선,자동차·운송장비
267250,조선,자동차·운송장비
099410,조선,자동차·운송장비
038010,조선,자동차·운송장비
054540,조선,자동차·운송장비
101930,조선,자동차·운송장비
443060,조선,자동차·운송장비
054180,조선,자동차·운송장비
065570,조선,자동차·운송장비
082740,조선,자동차·운송장비
014940,조선,자동차·운송장비
075580,조선,자동차·운송장비
460930,조선,자동차·운송장비
073010,조선,자동차·운송장비
439260,조선,자동차·운송장비
108380,조선,자동차·운송장비
333430,조선,자동차·운송장비
085310,조선,자동차·운송장비
071970,조선,자동차·운송장비
096350,조선,자동차·운송장비
042660,조선,자동차·운송장비
092460,조선,자동차·운송장비
009540,조선,자동차·운송장비
103230,조선,자동차·운송장비
329180,조선,자동차·운송장비
077970,조선,자동차·운송장비
217590,조선,자동차·운송장비
080010,다각화된소비자서비스,미디어·서비스
034940,제약,바이오·헬스케어
086450,제약,바이오·헬스케어
330350,제약,바이오·헬스케어
019170,제약,바이오·헬스케어
019175,제약,바이오·헬스케어
001360,제약,바이오·헬스케어
187660,제약,바이오·헬스케어
0156T0,제약,바이오·헬스케어
005257,제약,바이오·헬스케어
456160,제약,바이오·헬스케어
008930,제약,바이오·헬스케어
067290,제약,바이오·헬스케어
058820,제약,바이오·헬스케어
234690,제약,바이오·헬스케어
432980,제약,바이오·헬스케어
008490,제약,바이오·헬스케어
082800,제약,바이오·헬스케어
001067,제약,바이오·헬스케어
000640,제약,바이오·헬스케어
378800,제약,바이오·헬스케어
009290,제약,바이오·헬스케어
223250,제약,바이오·헬스케어
204840,제약,바이오·헬스케어
310210,제약,바이오·헬스케어
249420,제약,바이오·헬스케어
114450,제약,바이오·헬스케어
069620,제약,바이오·헬스케어
053950,제약,바이오·헬스케어
003090,제약,바이오·헬스케어
950210,제약,바이오·헬스케어
078140,제약,바이오·헬스케어
061250,제약,바이오·헬스케어
476060,제약,바이오·헬스케어
006280,제약,바이오·헬스케어
000100,제약,바이오·헬스케어
0082N0,제약,바이오·헬스케어
004310,제약,바이오·헬스케어
067080,제약,바이오·헬스케어
000220,제약,바이오·헬스케어
000227,제약,바이오·헬스케어
060590,제약,바이오·헬스케어
323990,제약,바이오·헬스케어
023910,제약,바이오·헬스케어
000225,제약,바이오·헬스케어
018620,제약,바이오·헬스케어
234080,제약,바이오·헬스케어
000230,제약,바이오·헬스케어
039200,제약,바이오·헬스케어
003520,제약,바이오·헬스케어
185750,제약,바이오·헬스케어
170900,제약,바이오·헬스케어
001065,제약,바이오·헬스케어
003850,제약,바이오·헬스케어
261780,제약,바이오·헬스케어
002720,제약,바이오·헬스케어
000020,제약,바이오·헬스케어
006620,제약,바이오·헬스케어
365270,제약,바이오·헬스케어
140610,제약,바이오·헬스케어
096760,제약,바이오·헬스케어
131030,제약,바이오·헬스케어
002800,제약,바이오·헬스케어
003220,제약,바이오·헬스케어
317450,제약,바이오·헬스케어
001060,제약,바이오·헬스케어
000520,제약,바이오·헬스케어
066700,제약,바이오·헬스케어
068760,제약,바이오·헬스케어
141080,제약,바이오·헬스케어
0007J0,제약,바이오·헬스케어
195940,제약,바이오·헬스케어
063160,제약,바이오·헬스케어
005250,제약,바이오·헬스케어
302440,제약,바이오·헬스케어
007575,제약,바이오·헬스케어
017180,제약,바이오·헬스케어
307750,제약,바이오·헬스케어
471820,제약,바이오·헬스케어
004720,제약,바이오·헬스케어
007570,제약,바이오·헬스케어
007460,제약,바이오·헬스케어
321550,제약,바이오·헬스케어
456070,제약,바이오·헬스케어
128940,제약,바이오·헬스케어
359090,제약,바이오·헬스케어
041910,제약,바이오·헬스케어
271980,제약,바이오·헬스케어
086890,제약,바이오·헬스케어
072020,제약,바이오·헬스케어
293480,제약,바이오·헬스케어
424870,제약,바이오·헬스케어
016580,제약,바이오·헬스케어
033270,제약,바이오·헬스케어
214390,제약,바이오·헬스케어
001540,제약,바이오·헬스케어
003000,제약,바이오·헬스케어
014950,제약,바이오·헬스케어
102460,제약,바이오·헬스케어
000105,제약,바이오·헬스케어
053030,제약,바이오·헬스케어
005500,제약,바이오·헬스케어
086060,제약,바이오·헬스케어
102940,제약,바이오·헬스케어
314140,제약,바이오·헬스케어
009420,제약,바이오·헬스케어
047920,제약,바이오·헬스케어
260660,제약,바이오·헬스케어
002620,제약,바이오·헬스케어
007370,제약,바이오·헬스케어
054670,제약,바이오·헬스케어
012790,제약,바이오·헬스케어
001630,제약,바이오·헬스케어
041960,제약,바이오·헬스케어
153710,제약,바이오·헬스케어
011040,제약,바이오·헬스케어
200780,제약,바이오·헬스케어
032300,제약,바이오·헬스케어
308430,제약,바이오·헬스케어
334970,제약,바이오·헬스케어
009300,제약,바이오·헬스케어
018680,제약,바이오·헬스케어
080720,제약,바이오·헬스케어
106190,제약,바이오·헬스케어
109960,제약,바이오·헬스케어
142760,제약,바이오·헬스케어
183490,제약,바이오·헬스케어
203400,제약,바이오·헬스케어
222670,제약,바이오·헬스케어
244460,제약,바이오·헬스케어
246250,제약,바이오·헬스케어
284620,제약,바이오·헬스케어
288330,제약,바이오·헬스케어
309710,제약,바이오·헬스케어
326030,제약,바이오·헬스케어
341170,제약,바이오·헬스케어
900120,제약,바이오·헬스케어
002390,제약,바이오·헬스케어
354390,제약,바이오·헬스케어
036480,제약,바이오·헬스케어
074430,제약,바이오·헬스케어
176750,제약,바이오·헬스케어
308080,제약,바이오·헬스케어
200670,제약,바이오·헬스케어
003120,제약,바이오·헬스케어
014570,제약,바이오·헬스케어
068270,제약,바이오·헬스케어
217950,제약,바이오·헬스케어
299170,제약,바이오·헬스케어
200230,제약,바이오·헬스케어
044960,제약,바이오·헬스케어
389470,제약,바이오·헬스케어
235980,제약,바이오·헬스케어
065660,제약,바이오·헬스케어
237690,제약,바이오·헬스케어
118000,제약,바이오·헬스케어
000250,제약,바이오·헬스케어
475830,제약,바이오·헬스케어
003060,제약,바이오·헬스케어
115450,제약,바이오·헬스케어
287840,제약,바이오·헬스케어
493280,제약,바이오·헬스케어
002210,제약,바이오·헬스케어
215600,제약,바이오·헬스케어
243070,제약,바이오·헬스케어
296160,제약,바이오·헬스케어
950220,제약,바이오·헬스케어
220100,제약,바이오·헬스케어
0126Z0,제약,바이오·헬스케어
464280,제약,바이오·헬스케어
397030,제약,바이오·헬스케어
314130,제약,바이오·헬스케어
179530,제약,바이오·헬스케어
207940,제약,바이오·헬스케어
084110,제약,바이오·헬스케어
115180,제약,바이오·헬스케어
192410,통신장비,IT·반도체
215790,통신장비,IT·반도체
140430,통신장비,IT·반도체
317120,통신장비,IT·반도체
340360,통신장비,IT·반도체
170790,통신장비,IT·반도체
056360,통신장비,IT·반도체
264450,통신장비,IT·반도체
211270,통신장비,IT·반도체
039010,통신장비,IT·반도체
031310,통신장비,IT·반도체
109080,통신장비,IT·반도체
078070,통신장비,IT·반도체
177900,통신장비,IT·반도체
073540,통신장비,IT·반도체
245450,통신장비,IT·반도체
099520,통신장비,IT·반도체
062970,통신장비,IT·반도체
059180,통신장비,IT·반도체
039560,통신장비,IT·반도체
036690,통신장비,IT·반도체
346010,통신장비,IT·반도체
380540,통신장비,IT·반도체
019490,통신장비,IT·반도체
015710,통신장비,IT·반도체
115440,통신장비,IT·반도체
900260,통신장비,IT·반도체
035460,통신장비,IT·반도체
100590,통신장비,IT·반도체
046310,통신장비,IT·반도체
321370,통신장비,IT·반도체
051980,통신장비,IT·반도체
061090,통신장비,IT·반도체
091440,통신장비,IT·반도체
033240,통신장비,IT·반도체
388790,통신장비,IT·반도체
489790,통신장비,IT·반도체
189300,통신장비,IT·반도체
456010,통신장비,IT·반도체
088800,통신장비,IT·반도체
073490,통신장비,IT·반도체
389020,통신장비,IT·반도체
010170,통신장비,IT·반도체
037460,통신장비,IT·반도체
218410,통신장비,IT·반도체
050890,통신장비,IT·반도체
032500,통신장비,IT·반도체
065770,통신장비,IT·반도체
069540,통신장비,IT·반도체
230240,통신장비,IT·반도체
148250,통신장비,IT·반도체
138080,통신장비,IT·반도체
049080,통신장비,IT·반도체
487400,통신장비,IT·반도체
189350,통신장비,IT·반도체
453450,전기유틸리티,에너지·유틸리티
051600,전기유틸리티,에너지·유틸리티
130660,전기유틸리티,에너지·유틸리티
052690,전기유틸리티,에너지·유틸리티
015760,전기유틸리티,에너지·유틸리티
136660,반도체와반도체장비,IT·반도체
082270,반도체와반도체장비,IT·반도체
413300,반도체와반도체장비,IT·반도체
032580,반도체와반도체장비,IT·반도체
029460,반도체와반도체장비,IT·반도체
303030,반도체와반도체장비,IT·반도체
122640,반도체와반도체장비,IT·반도체
417840,반도체와반도체장비,IT·반도체
080580,반도체와반도체장비,IT·반도체
252990,반도체와반도체장비,IT·반도체
140070,반도체와반도체장비,IT·반도체
024850,반도체와반도체장비,IT·반도체
396470,반도체와반도체장비,IT·반도체
092220,반도체와반도체장비,IT·반도체
382800,반도체와반도체장비,IT·반도체
101160,반도체와반도체장비,IT·반도체
077500,반도체와반도체장비,IT·반도체
357780,반도체와반도체장비,IT·반도체
110990,반도체와반도체장비,IT·반도체
420770,반도체와반도체장비,IT·반도체
066310,반도체와반도체장비,IT·반도체
083310,반도체와반도체장비,IT·반도체
041520,반도체와반도체장비,IT·반도체
095340,반도체와반도체장비,IT·반도체
101400,반도체와반도체장비,IT·반도체
006200,반도체와반도체장비,IT·반도체
105330,반도체와반도체장비,IT·반도체
403870,반도체와반도체장비,IT·반도체
226590,반도체와반도체장비,IT·반도체
217500,반도체와반도체장비,IT·반도체
317330,반도체와반도체장비,IT·반도체
080520,반도체와반도체장비,IT·반도체
059090,반도체와반도체장비,IT·반도체
464500,반도체와반도체장비,IT·반도체
452160,반도체와반도체장비,IT·반도체
171010,반도체와반도체장비,IT·반도체
424980,반도체와반도체장비,IT·반도체
089030,반도체와반도체장비,IT·반도체
087600,반도체와반도체장비,IT·반도체
0017J0,반도체와반도체장비,IT·반도체
452430,반도체와반도체장비,IT·반도체
217190,반도체와반도체장비,IT·반도체
394280,반도체와반도체장비,IT·반도체
429270,반도체와반도체장비,IT·반도체
418420,반도체와반도체장비,IT·반도체
011930,반도체와반도체장비,IT·반도체
045300,반도체와반도체장비,IT·반도체
058470,반도체와반도체장비,IT·반도체
071280,반도체와반도체장비,IT·반도체
054620,반도체와반도체장비,IT·반도체
054450,반도체와반도체장비,IT·반도체
007660,반도체와반도체장비,IT·반도체
045100,반도체와반도체장비,IT·반도체
098120,반도체와반도체장비,IT·반도체
142210,반도체와반도체장비,IT·반도체
149010,반도체와반도체장비,IT·반도체
348350,반도체와반도체장비,IT·반도체
365590,반도체와반도체장비,IT·반도체
102710,반도체와반도체장비,IT·반도체
425420,반도체와반도체장비,IT·반도체
183300,반도체와반도체장비,IT·반도체
489500,반도체와반도체장비,IT·반도체
089790,반도체와반도체장비,IT·반도체
306620,반도체와반도체장비,IT·반도체
241790,반도체와반도체장비,IT·반도체
064520,반도체와반도체장비,IT·반도체
094360,반도체와반도체장비,IT·반도체
417500,반도체와반도체장비,IT·반도체
092070,반도체와반도체장비,IT·반도체
117670,반도체와반도체장비,IT·반도체
097800,반도체와반도체장비,IT·반도체
402490,반도체와반도체장비,IT·반도체
059120,반도체와반도체장비,IT·반도체
219130,반도체와반도체장비,IT·반도체
094170,반도체와반도체장비,IT·반도체
093520,반도체와반도체장비,IT·반도체
092870,반도체와반도체장비,IT·반도체
234030,반도체와반도체장비,IT·반도체
432720,반도체와반도체장비,IT·반도체
264660,반도체와반도체장비,IT·반도체
311320,반도체와반도체장비,IT·반도체
042700,반도체와반도체장비,IT·반도체
061970,반도체와반도체장비,IT·반도체
445180,반도체와반도체장비,IT·반도체
093640,반도체와반도체장비,IT·반도체
005290,반도체와반도체장비,IT·반도체
146320,반도체와반도체장비,IT·반도체
112290,반도체와반도체장비,IT·반도체
253590,반도체와반도체장비,IT·반도체
036930,반도체와반도체장비,IT·반도체
080220,반도체와반도체장비,IT·반도체
200470,반도체와반도체장비,IT·반도체
054940,반도체와반도체장비,IT·반도체
102120,반도체와반도체장비,IT·반도체
240810,반도체와반도체장비,IT·반도체
950250,반도체와반도체장비,IT·반도체
169670,반도체와반도체장비,IT·반도체
000990,반도체와반도체장비,IT·반도체
064760,반도체와반도체장비,IT·반도체
083450,반도체와반도체장비,IT·반도체
323350,반도체와반도체장비,IT·반도체
131970,반도체와반도체장비,IT·반도체
451220,반도체와반도체장비,IT·반도체
077360,반도체와반도체장비,IT·반도체
052900,반도체와반도체장비,IT·반도체
172670,반도체와반도체장비,IT·반도체
079370,반도체와반도체장비,IT·반도체
440110,반도체와반도체장비,IT·반도체
425040,반도체와반도체장비,IT·반도체
482630,반도체와반도체장비,IT·반도체
039440,반도체와반도체장비,IT·반도체
039030,반도체와반도체장비,IT·반도체
074600,반도체와반도체장비,IT·반도체
445090,반도체와반도체장비,IT·반도체
064290,반도체와반도체장비,IT·반도체
114810,반도체와반도체장비,IT·반도체
036810,반도체와반도체장비,IT·반도체
254490,반도체와반도체장비,IT·반도체
095610,반도체와반도체장비,IT·반도체
348210,반도체와반도체장비,IT·반도체
086390,반도체와반도체장비,IT·반도체
227950,반도체와반도체장비,IT·반도체
232680,반도체와반도체장비,IT·반도체
322310,반도체와반도체장비,IT·반도체
490470,반도체와반도체장비,IT·반도체
036200,반도체와반도체장비,IT·반도체
025560,반도체와반도체장비,IT·반도체
166090,반도체와반도체장비,IT·반도체
078350,반도체와반도체장비,IT·반도체
212710,반도체와반도체장비,IT·반도체
003160,반도체와반도체장비,IT·반도체
101490,반도체와반도체장비,IT·반도체
241770,반도체와반도체장비,IT·반도체
195870,반도체와반도체장비,IT·반도체
033640,반도체와반도체장비,IT·반도체
084370,반도체와반도체장비,IT·반도체
281820,반도체와반도체장비,IT·반도체
396270,반도체와반도체장비,IT·반도체
052860,반도체와반도체장비,IT·반도체
036540,반도체와반도체장비,IT·반도체
272110,반도체와반도체장비,IT·반도체
388210,반도체와반도체장비,IT·반도체
399720,반도체와반도체장비,IT·반도체
005930,반도체와반도체장비,IT·반도체
200710,반도체와반도체장비,IT·반도체
330860,반도체와반도체장비,IT·반도체
412350,반도체와반도체장비,IT·반도체
053610,반도체와반도체장비,IT·반도체
319660,반도체와반도체장비,IT·반도체
144960,반도체와반도체장비,IT·반도체
402340,반도체와반도체장비,IT·반도체
036710,반도체와반도체장비,IT·반도체
005935,반도체와반도체장비,IT·반도체
089970,반도체와반도체장비,IT·반도체
405100,반도체와반도체장비,IT·반도체
000660,반도체와반도체장비,IT·반도체
033160,반도체와반도체장비,IT·반도체
356860,반도체와반도체장비,IT·반도체
355150,반도체와반도체장비,IT·반도체
031980,반도체와반도체장비,IT·반도체
131290,반도체와반도체장비,IT·반도체
030530,반도체와반도체장비,IT·반도체
033170,반도체와반도체장비,IT·반도체
147760,반도체와반도체장비,IT·반도체
119830,반도체와반도체장비,IT·반도체
170920,반도체와반도체장비,IT·반도체
160980,반도체와반도체장비,IT·반도체
089890,반도체와반도체장비,IT·반도체
067310,반도체와반도체장비,IT·반도체
232140,반도체와반도체장비,IT·반도체
0155E0,반도체와반도체장비,IT·반도체
096610,반도체와반도체장비,IT·반도체
